A,B,C,label,split
5.084531036282163,3.4603595268404868,5.52485416134814,0,train
9.324315849762826,7.874042916066215,3.4469636083637023,1,train
8.303001436075617,2.89658501375336,8.377732504660898,1,train
2.424795106464349,1.3415987845519954,5.801770924136356,0,train
8.37091864259971,9.486851077709847,6.282772731620195,1,train
4.228770228097693,3.5006025972949173,1.1166371189619815,0,train
8.963638962123886,1.80432025175172,1.4462469057463065,0,train
7.183114283936614,9.537491166669435,2.300885808896637,1,train
7.042974787327673,4.373513938513929,1.5145825511772064,1,train
6.661794083301961,1.1515862228558904,2.668357646683272,0,train
7.3370925079404214,8.51269077374833,4.351676267835971,1,train
9.20882634475145,2.8994742052533184,9.46915211796538,1,train
5.862531493681116,9.383607647857199,8.008287771136736,1,train
4.096790009646799,8.745863168079135,1.3639379365771735,1,train
7.342528720085353,1.1759934136511907,9.58419047190799,0,train
9.928702504040077,5.621694614377304,2.0766251651228393,1,train
5.065021057274186,3.7298827466434,6.33011355509028,0,train
7.516913465028083,2.1777297655323995,9.65746759314235,0,train
1.1507288197210745,5.852086583910006,2.5302530961172653,1,train
4.870422591580342,6.744029907899742,5.178191503349115,0,train
1.621780280943787,8.53349725865228,8.696959122425302,0,train
2.047188924477606,6.721352882841756,5.217359397698899,0,train
3.329170537569082,1.6213601304673129,4.161271968066409,0,train
3.459153768176885,3.770252492721545,7.2236352541097855,0,train
2.490050221653441,3.070800136121691,1.4990831214768312,0,train
5.457417856509616,3.4185174928512994,2.7878666016651614,0,train
9.690405917593266,4.469131418679872,1.9886063029116983,1,train
9.97940899770999,2.7934309587019364,3.932461249448581,1,train
3.7510295784644807,6.957631213992288,7.337647554121792,1,train
4.55060153292348,5.934682138112009,2.3356871116276583,0,train
4.351875107647493,2.196152896508952,7.929119062889847,0,train
1.1038036670970945,2.7556830303237367,7.84945986597433,0,train
7.0585361884265305,6.094874523782554,5.543136255225749,1,train
9.226469936649892,8.331465949093856,7.705395072271749,1,train
2.157495213653378,5.355818353288313,6.070591535982271,0,train
8.500791839478646,7.34094022662125,5.3261014197156165,1,train
7.880740962631582,9.728433210205822,1.546251894445139,1,train
6.1427226842044815,1.1683817855665097,5.215960840195453,0,train
8.438249584510409,2.9159015166660334,4.740805460498348,0,train
2.5428184501621143,5.717681577842084,2.7311635428323386,0,train
7.326053361630297,9.860796312061007,8.013528009129049,1,train
5.4223459241289795,1.1591655156986853,4.393740945486022,0,train
4.480340453481324,9.396874909516429,3.125094062339584,1,train
7.510044946635599,7.1158160284746454,7.167081246914855,1,train
9.446987053878338,4.945059909099313,2.4359611689274256,0,train
1.568053882697539,5.8735019605032965,1.26245709259367,1,train
2.746460953333046,9.182184962259731,2.2081217613937367,0,train
3.7996098832328933,6.932822686406157,7.759034438523507,1,train
6.4742946715557075,6.864852138970673,4.860047455291117,1,train
1.9907516808333683,4.6434971434176395,2.3169188629057964,0,train
3.0561807192781885,7.951674203934282,9.973928658921508,1,train
2.374121695675882,2.8018369432623067,5.385004563605117,0,train
9.688662334177167,8.699567955180335,7.112817787197727,1,train
2.5393535427186,8.823558052805184,4.998842055694402,0,train
1.9082505524947428,7.497363840593345,7.474606438890991,0,train
4.267689996978779,2.473011625206121,1.7449923705189287,0,train
7.574425920059562,4.846680507906044,6.360046267804693,1,train
5.822170267568444,1.1313609159819376,7.397577983046655,0,train
6.949971206159213,1.1421361697652526,9.577852602769926,0,train
8.228615082912805,3.6125532310855673,9.59720780910486,1,train
8.635095979035277,5.460749593299308,6.372888005745663,1,train
2.522796813903081,8.224713701949051,8.721827482964201,0,train
4.944884780419557,1.3023854222502853,8.816625457769858,0,train
8.728733544286388,2.8663601582115725,6.063213576865577,1,train
9.192684678308124,2.9880223113918842,9.917560736302553,1,train
9.992330864548839,6.556179221343209,8.64165552738299,1,train
2.541417863069176,1.159530364258698,8.622882636965135,0,train
4.652604867293902,9.24729197764577,5.311534215766994,1,train
9.114204282929197,4.895979046507371,1.4607324300127917,1,train
9.982567208863067,5.971902818555213,5.81435983036119,1,train
9.79037189332913,3.201310540679059,2.5517017396689865,1,train
9.745174550167249,5.718563203333913,5.151623419654509,1,train
2.409716286501358,5.987096479189029,3.8752902824829936,0,train
1.0692191799778337,9.618321563895673,4.994673800524397,0,train
1.483777038347077,4.520125535051145,9.56431759765533,0,train
3.2825463651098845,5.485736021737284,3.2275043801558825,0,train
2.0722190929503697,4.856891807365053,3.2087864213076704,0,train
1.2179340094645392,1.4276088637742261,3.2825572592548804,0,train
3.469254903139456,9.987873053759317,6.392338440176711,1,train
8.861246817967347,3.180871412125703,5.811344567636169,1,train
4.325802553978261,3.681373027157135,3.000388160775316,0,train
3.844871419659431,4.521116820139002,3.8836471136490474,0,train
8.375780491793707,1.8289589027911552,7.100342259821067,0,train
6.220732929061882,6.687523403265185,4.217467194625885,1,train
5.329820068212158,3.274740814644801,5.7510967109073015,0,train
2.191581909509783,1.6261790032133492,6.03698648866284,0,train
7.600587440949365,3.0686103547569465,7.2315348303605,1,train
5.363396846187443,9.946187509922725,1.1962844583423071,1,train
2.7294598505204744,1.944982494725242,4.010342374081707,0,train
8.98254755541356,8.243092077021542,3.815806780438987,1,train
8.909348955952513,4.384771927552204,3.63813511944838,1,train
4.667253880015137,6.704553708088282,2.416621286393222,1,train
7.954505943202291,9.226578571468378,6.94371886738481,1,train
3.8729777683916042,8.942881100961358,8.504146308408144,1,train
1.7654928958930292,6.102382140204923,3.5854527378753707,0,train
6.7131278063229995,6.237133503824149,1.4046144534112686,1,train
4.936318081279892,5.155475339217254,2.5999844453536474,0,train
5.342228268454032,4.6552864075463365,9.611784277220066,1,train
8.475572184598683,3.127608336719266,9.304838915950185,1,train
4.170431646167874,9.765812628437148,5.246689267516616,1,train
4.083028355883602,7.557355582840496,2.290310368196322,1,train
9.921404727675029,1.0573975423708062,1.1309424203550558,0,train
5.823873124896036,7.763574456260419,5.136070450073789,1,train
5.818439308979113,3.6818413923937836,7.379685423151518,0,train
7.989055109810252,4.987992014303049,8.060291507865742,1,train
3.7276271293153433,9.053284043908508,5.861513522210062,1,train
8.830059982611843,7.306559223211645,1.2509938082269174,1,train
8.02411865010791,2.0838089315953043,2.2987991266347825,0,train
9.8272792327733,8.616215850374857,2.1614385846378337,1,train
2.063709537250813,9.496445895669797,4.251431565200201,0,train
4.309452298320953,8.823244735239449,6.621827767475321,1,train
2.7221736475763105,8.737264707399452,6.622835663699924,0,train
9.150892571640615,7.588658889657283,6.182969886300129,1,train
4.737512860445852,4.91592474784541,3.53907409714584,0,train
5.981967445656466,1.2657237251057611,9.408994089364594,0,train
8.938356109282719,7.7252593471636954,6.90528460872034,1,train
5.5403984514924565,2.526048749580859,9.64470957249612,0,train
2.1206797199599774,7.2026042152069145,4.837242743143509,0,train
4.647034241681417,1.2833883465930356,4.909340790975362,0,train
4.697915217407659,4.834402145576046,8.72689686760395,1,train
4.254044376033853,3.1854597535938662,3.3424589039310697,0,train
1.448652446243802,8.526350715539259,8.953130923639012,0,train
7.351569967453349,7.375548751334218,6.840842011979771,1,train
2.8598582802881563,4.953275818031542,8.951083065430428,0,train
5.056393137176552,4.834409250062107,5.753712945626017,0,train
5.388427373431214,1.8399252934688541,4.320601741610986,0,train
6.597255700548507,4.0102534364552875,4.273239478719225,1,train
8.030396130023275,8.017273258680708,5.1225858420092125,1,train
5.742044113166256,3.2262286238180877,4.243237894737851,0,train
2.281190115752003,3.083274904551336,2.399115016466861,0,train
8.393814586422277,3.24031417955561,2.7346476441967877,0,train
7.688146497101731,6.584300041382121,1.6830579094610665,1,train
2.6673518778462353,9.344168425714015,1.1288169977217726,0,train
2.7952077574737713,5.88341057963737,9.424554427178068,0,train
9.796703051209812,3.131486460164896,9.13494980441649,1,train
4.193522496281623,5.413388096272311,6.849038472206705,0,train
6.372335387874379,3.364045134106451,5.0538339390519225,0,train
2.4973600166981833,1.5250228733745117,9.254917545177989,0,train
3.919409216828841,5.411105175383459,9.214177460652975,0,train
4.346656019505671,4.30399950109727,6.142163333922401,0,train
9.070141895728026,2.250458663517534,8.59315563408568,0,train
9.31781283198048,3.514369507639162,5.141100302152032,1,train
4.812237486027867,1.1066791681524546,4.496993283094587,0,train
7.020226723606603,9.487987750556494,6.43485091186115,1,train
2.478892742306287,1.6779476136731648,5.353554654583548,0,train
8.877921889852367,7.77811906125599,4.0292870391764986,1,train
1.220079047163694,8.336099324795736,1.6910982329993685,0,train
3.7254424638170267,6.172496252062134,4.94123814756883,0,train
2.0581979815241196,4.2889473262877935,6.268721892726198,0,train
1.4303101713775326,7.841662774919674,1.1586725397856052,0,train
4.745771707218582,1.6686647021050913,9.0420329460505,0,train
8.076233648202802,5.715500530998181,7.461355132480091,1,train
2.3054015177274767,6.364021781048322,9.48503293845928,0,train
1.3662780112412207,5.504435584805067,5.249289542153694,0,train
6.097508881972701,4.472849934154758,5.130478547630924,1,train
5.977991626048569,1.3432826553884738,9.352814478094592,0,train
4.166751056782143,1.882377585506811,5.141215447128259,0,train
9.649484560250732,5.86977167047754,9.076842628739438,1,train
2.1026123533792638,7.679822177752541,3.3000395550009314,0,train
6.425664572878565,8.790345189674646,9.527971513760901,1,train
5.148290663000106,2.426760416675989,8.522277398103034,0,train
9.712307931658748,7.7766138151704,5.1524484778548265,1,train
6.190373245305424,6.002444564193723,3.162937388393714,1,train
6.710309279072737,4.071681498890546,1.8418106124229845,0,train
3.044289127552369,3.273788255151587,7.542863798280397,0,train
1.2499568251107642,3.4019548419896477,7.841088231662573,0,train
1.9730124051778395,5.801968451509005,5.627837072509323,0,train
2.944170210596464,5.1896979481091625,2.6777234099585994,0,train
7.282258215626856,3.3605340850004057,5.203177560642408,0,train
1.0709202044427377,9.50731755667262,8.118509262891216,0,train
2.5131452788479587,7.627715883489428,6.032795862321319,0,train
8.512231873754907,8.772003589666316,5.183579161310812,1,train
8.531892558618908,7.794726014091988,1.8599787795483818,1,train
5.327628246121503,9.592949693734486,9.11038944596637,1,train
7.19522530851028,7.807848454043493,9.575237251185136,1,train
2.222001948122807,5.1354588129985075,7.934949002003929,0,train
1.9320079068846137,6.063452180564883,3.358499965554537,0,train
9.892830404114438,5.342136334404808,4.994662398454931,1,train
6.552108365534348,8.853788439185209,3.0728216081689923,1,train
8.451258614953755,5.415190470549085,2.6923462979785744,1,train
5.012655404869014,3.1598979331444794,7.723498167968854,0,train
2.74011254939414,4.210204117721547,3.086740095351851,0,train
6.5508484773032105,5.833922707564843,4.558369591069987,1,train
7.9038811469970724,6.8561539504667754,2.7771352133112512,1,train
6.498528644791641,7.79584514677387,6.3714254822973055,1,train
7.444980359088999,1.5604571660752047,6.939852946518863,0,train
6.812801633648068,5.086627093758765,1.0866840925690209,1,train
7.738265743340297,9.589414019762152,4.573533485765183,1,train
3.491862872043096,6.851988071736577,7.234688755207013,1,train
4.834119770329664,1.7390113166771055,1.1463389466185165,0,train
9.985530076383583,1.513029579031972,7.468536533568294,0,train
2.7497722598673384,2.2154888139645403,5.4709440643643985,0,train
3.2954830130683828,1.7543362004538352,9.135446135426557,0,train
2.066216295984923,6.796193442032922,3.4033917600238164,0,train
9.359563677555995,3.848947915220296,5.0197465955569545,1,train
7.243699188308662,5.237399101274744,2.682855356826405,1,train
4.509051440388341,3.6044614802226476,6.436617248636601,0,train
3.4952215745909725,7.7961966974364465,6.908699582839975,1,train
6.229251922701445,8.482085818031349,6.9784104410142245,1,train
9.892749444268762,9.761983595300606,4.76904180644636,1,train
5.798507893492037,5.485157374357396,6.363046664496052,1,train
3.0873480414174614,7.740161615254619,2.547859200422913,0,train
5.588055797435636,9.335607480420954,9.785500052121048,1,train
4.746225414699924,6.0504639936375675,1.252777638429849,0,train
3.7671491565193165,4.4432740057763205,2.3229746979228585,1,train
2.4629333461355483,3.6468167298918033,4.57866881026102,0,train
6.38804608782182,3.7861951931315034,2.432360542680127,0,train
4.373922828832448,2.3328380241808593,1.6788418462675345,0,train
1.8065853871956987,5.270470705578246,3.782375527040075,0,train
4.768524726273456,6.979176194694302,2.5187119220534457,1,train
9.445673436814657,5.36349964018649,3.5354808846368133,1,train
2.092736687219055,7.721120815364084,1.86631755283568,0,train
9.225227427248143,1.257665412676913,5.005775057831423,0,train
4.395614131618986,9.876394495497905,4.465157173469592,1,train
3.8776334471701546,4.911259890887718,1.0530187525172565,0,train
5.303128876424063,9.602819811434452,7.521588281937661,1,train
2.081074879486793,6.64141203195,3.069542918726825,0,train
9.79267826088289,8.658294515309263,2.247852882526203,1,train
9.09862786920997,9.39264448026038,3.7262773193559,1,train
3.383010995028087,4.762488011231584,1.554174588467664,0,train
2.9894068276311248,4.552738341913843,6.909880463300687,0,train
9.079190884425358,4.476159495316756,7.382608095736769,1,train
4.278829970993569,5.823656971240011,1.2613713989333708,0,train
1.0530240709066574,6.389709140964204,6.36004730707673,0,train
9.922772931001814,4.961975586182651,1.9045173513307634,1,train
1.1962737399921148,2.3794094553430614,4.448773618307074,0,train
1.7889609749577122,6.317933007840728,4.08434567140004,0,train
3.5826839221054696,7.995430528595513,8.573357618037138,1,train
1.239724698928532,2.467775650138975,8.13254942924303,0,train
7.130269052701718,4.021092627647673,5.693048851264066,1,train
4.093819847136558,3.0795915454976086,5.895745085095746,0,train
8.359379048709702,1.9065491234461653,8.275592531817784,0,train
9.683736039483145,1.0010129431680659,7.718585447849241,0,train
5.502810639389354,3.696351188435885,9.697285694443758,0,train
3.240588568730851,8.585735132884706,4.710664818192008,1,train
2.981980627972124,8.520597727484517,6.376362101761853,1,train
6.137440692137798,4.92226003605837,1.0628480552977588,1,train
4.243250472889395,7.529489279343718,5.105884379709308,1,train
6.265684656129224,3.5582834199231828,4.963958964687628,0,train
9.030972771454024,2.305472719222919,1.1842795890158344,0,train
8.440652587601777,6.853094995297194,2.6851467214019555,1,train
7.6596498008867195,3.2887855985269425,9.785682514198315,1,train
2.0995050250140794,4.857893137746945,2.2062726540813684,0,train
6.772453344481341,3.4439459964271233,1.8846662770540719,0,train
2.0688631608603365,1.5278591575468676,4.91396934991773,0,train
7.793428594097389,8.730559547740725,6.366105379167488,1,train
3.7873728095325068,6.830878221816717,5.908401579914876,1,train
9.145660031431339,9.970463673593578,7.664510704311235,1,train
8.221242637774443,8.582941746177971,1.3932796787738417,1,train
7.494475264295629,8.596727702882285,9.303939300512218,1,train
9.590568141715414,1.9671652104015882,5.3293533146355285,0,train
3.607699380044888,3.086501095872416,9.418453167488325,0,train
4.549739572763747,6.849471228748573,5.000738276546269,1,train
1.9473335102520912,8.993893525064388,2.612372261543369,0,train
3.085296095541288,8.654693135283337,7.9831142198631415,0,train
3.936584031287511,6.763625929905374,3.30163729043141,0,train
7.395076317811392,9.228725662454016,4.086317819325266,1,train
6.304191340374439,4.547135080654104,3.7772591140199117,0,train
2.104120658587908,6.015118917000495,7.043397249806107,0,train
4.314171571271018,9.598051676020416,8.738176613026242,1,train
2.239038617549337,4.348626306260437,7.667358489683324,0,train
6.660961757923867,7.055820163101654,9.465734409351152,1,train
3.2418554984755485,8.600914019202424,6.704317120967167,1,train
8.333748143522422,4.085949288253355,7.287207590642832,1,train
4.205428692779373,1.3439827983759702,4.03075376307271,0,train
9.367287664836322,7.288222172849677,9.120242595268532,1,train
2.3072649069897984,7.651968353490675,8.176979982763301,0,train
2.4524019586624988,4.969873206002352,2.2093722071804107,0,train
9.555350307955703,9.972566537826854,3.672039696723451,1,train
5.286813283332998,2.499699164400483,1.261047606226807,0,train
6.601434972854253,1.7882989210399862,7.580581286447116,0,train
7.258146034858591,4.5581891004024,5.243675053893771,1,train
9.6750375617855,1.8034619399003562,5.443905980964679,0,train
6.334911364819061,6.68681735752931,2.5281791605377215,1,train
3.3861906070670176,4.5463855613759625,1.2980234960203751,0,train
8.45304409262339,2.965397336176067,9.070695582731542,1,train
6.07139564367181,5.849540693577687,8.56313880847556,1,train
4.063223717735683,5.09683926418226,1.3986820834014302,0,train
5.176952556174104,1.9506581288455576,8.02497345626789,0,train
1.0940984795783653,5.417839991184096,6.423308909666283,0,train
4.205572048728011,5.995955701659827,7.912974423729709,1,train
7.294239669170929,5.41486818838275,6.969691934604709,1,train
2.6801922815967636,6.306992428193863,5.741609987324637,0,train
1.015659584244292,9.984752886261356,5.8054860074736725,0,train
9.358346591312731,9.611695678006178,4.409412468629097,1,train
9.686958040112504,9.536336743825128,7.860870760789124,1,train
4.902397284806052,1.1965982694003006,2.7398685996610905,0,train
6.362542902664751,5.470991506944288,1.4572377344735044,1,train
1.8042467869329666,4.918231538781233,5.888783577539374,0,train
5.189761716097723,5.065900207698365,2.7300508076976255,0,train
9.328528086934615,1.030120146986954,3.4788159933085856,0,train
6.88694342825897,9.266963883047422,8.494805143512217,1,train
3.7581027533472335,7.149076772953349,4.196736824102733,1,train
5.1563121029575285,7.156110203006133,8.227501705253651,1,train
5.946206836562213,3.7516355326706576,3.374814312974072,0,train
7.1660278992068545,6.769266655824971,8.646026312226503,1,train
8.840298242090718,8.792312436941724,9.728882326172183,1,train
4.514134411723552,5.1048594256052295,2.5458128435186795,0,train
6.215441770159804,7.100596401268855,5.683265741985582,1,train
7.654082849305388,6.991493606780696,1.4421063101843705,1,train
1.6025887872026003,5.2374047399544565,5.145956659175441,0,train
3.1885592645863743,2.570779016624596,4.300233744992515,0,train
4.835178090138143,1.4591252611165766,7.87633775943423,0,train
8.128562722063291,4.9176413908328795,6.622770894961925,1,train
9.364826432411014,5.143483460729143,9.949477119111224,1,train
5.223486171652521,6.005321702120936,7.84742397808963,1,train
9.405895164990747,3.0088628443003813,3.445961020440125,1,train
7.708492296045469,6.8905278076600585,5.680020807100278,1,train
5.541961117128686,1.8430025713259224,5.985741995699351,0,train
7.908895614198352,5.994272939026986,6.164073255126159,1,train
5.083165760673177,2.8046285042830528,5.385591912915733,0,train
5.133912532157901,9.420479419713068,9.428676718588664,1,train
7.572400194726156,7.385667349399629,9.781244686757336,1,train
1.8085415532801297,7.620001954890784,2.9082559909624894,0,train
1.93747890887373,4.45978719064858,1.6360923845548352,0,train
8.976553433921454,5.769403169928467,5.960386707354614,1,train
9.862568917226849,6.2023254986905965,6.546706897039042,1,train
1.6329627926797834,7.285761121560017,3.6676603251609663,0,train
9.656675513286105,3.297975845129426,7.275728145125358,1,train
7.226724169348974,8.50405305403205,3.7078931599617446,1,train
1.258052857418349,6.604166309211641,3.254654190675578,1,train
8.12336187034656,7.188088186530569,1.58512235711318,1,train
2.2396032220451643,6.382189663622313,2.1427607449685935,0,train
3.6791269187336826,1.9144264126357409,2.4760214950006767,0,train
7.17864678192527,7.157512818911878,3.790267507033868,1,train
4.580929601453642,6.8707912935987645,4.130784583616707,1,train
2.787742670415697,9.345831956208015,3.1009422159148543,0,train
3.770800152083979,4.752627620408578,4.543053884617655,0,train
5.9498616361413745,6.875064772798322,9.314061062472287,1,train
7.775641486732239,7.01291986927886,2.4611233588755295,1,train
5.954211184408628,4.280875911460427,5.335039881299206,1,train
8.228994590735008,4.311573488386058,1.7203010783843664,1,train
1.4032011677473433,2.183354461876458,4.885996532052315,0,train
7.951055076057738,1.8680083615306158,1.9644821559317507,0,train
9.33739678988515,6.41918271384631,6.655841584361126,1,train
2.4848863995462365,7.108592724464687,8.509625306332929,0,train
4.94111250928669,8.593067567486074,4.3873333319913215,1,train
9.888504924972388,1.2923798787678678,9.66244840741446,0,train
7.791241029506118,4.435031924883863,7.276624716210239,1,train
7.668940825362832,2.074224018919701,5.238514673398003,0,train
9.223241375713227,2.781448457372665,1.9750903963393673,0,train
1.8530923184835633,1.854922505213446,8.995884821610936,0,train
2.9793486490130503,9.463750149578471,2.790874842631627,1,train
5.767340078896669,9.944245637924682,1.2814424797514006,1,train
4.701828967270491,9.08031195754172,3.5111353863839767,1,train
5.536843486882551,8.465235110192195,8.755497783719921,1,train
2.7218078859879156,6.801630202879684,1.5654009843662955,0,train
1.452055420612088,6.184016898544959,4.382280671154133,1,train
1.069780349401875,6.975552398609678,2.3005576316129175,0,train
6.727799968036072,4.98245738603991,4.856819037823151,1,train
8.287477703675876,8.5336238747075,5.8429924928926695,1,train
4.739625859860736,8.503536522333748,3.529386467190287,1,train
5.40149436658323,7.842839229057519,7.086980987049412,1,train
2.392629088721709,9.611765479580198,7.5378514405346815,1,train
2.468633744453556,9.969697883834957,1.8927915622754794,0,train
8.446747379919886,9.330693119386707,1.1064768157676323,1,train
5.546158812975734,7.391017084634262,3.406343453087526,1,train
5.67006572080623,8.604200146765884,5.301609038327791,1,train
8.055088394583645,8.736962173690712,9.711239177876108,1,train
4.1477410637708365,9.853992319815417,9.261919435756614,1,train
8.81690831463535,4.850901230678473,7.00078081043925,1,train
4.968257979329467,6.368547955581081,8.392740785259436,1,train
3.652850913067761,6.101504451530074,3.388265377985821,0,train
8.570963864211079,7.06638339771811,1.6201869646680556,1,train
6.144766466740091,1.4654826504673566,9.152452432914599,0,train
5.207661144429936,8.066101381657717,9.381285747539906,1,train
6.702849480775865,5.291381002516994,4.380904172144517,1,train
5.196379231369362,2.568814732329271,3.4967028421970294,0,train
7.128758123556881,6.9314468130386615,5.393333088367796,0,train
4.459184279369062,5.387160782667348,6.8385548232184865,1,train
4.473974609761112,5.89413254011382,5.499174101400239,1,train
5.652080181909718,8.167419769907895,9.811146687011407,1,train
7.472368380611083,9.03644737543727,4.496699206741432,1,train
1.2267483349074568,6.724490352687416,8.001983158049548,0,train
9.567639324765851,3.597831215637998,6.497042261539781,1,train
1.8455013449595383,2.201121843238676,1.8984872553593592,1,train
4.543544295448516,7.403831811999278,2.954501058241142,1,train
2.3975082512904775,9.124698786481586,6.521658230489027,1,train
8.290664260962892,1.733747520331766,3.5346373597584457,0,train
6.954010574734512,3.577502475799997,6.71457564401398,1,train
2.8296600295213703,5.626513174532427,3.016839595224794,0,train
6.072830948836523,3.2893199309913568,6.131025722766288,0,train
1.1404231786905554,7.976775793015166,2.8517545315867587,0,train
2.1370426872622086,7.0798831390045605,9.664712672506193,0,train
8.09963943447446,6.40831045091537,8.875208371628894,1,train
4.797277271305256,6.7207375053562695,1.7810510971384979,1,train
2.14066428187145,1.0716448062580621,4.815411240826371,0,train
9.819734392013515,4.596492883650022,8.013347937490641,1,train
4.864944741838701,5.797449204009831,4.2393186778004415,1,train
5.484711716168143,6.543984060763019,5.8889528552204,1,train
3.9407489736179295,6.477346128219347,7.0744129848168305,1,train
2.4206890866924473,8.417602492821654,5.127615885910247,0,train
3.3778911298295995,9.759679784213057,1.616270050144542,1,train
3.131144544708869,2.9168658789477533,7.424822124251224,0,train
3.8730583791869515,6.739794556483394,2.158065064946523,0,train
7.522804091003342,7.8214483939515835,7.304168792092272,1,train
1.4523046221173153,3.7891105840457264,2.753929492852108,0,train
6.965396983149544,9.685996594160693,4.792714549678502,1,train
7.244298945228275,1.5386565257089349,6.827837077106907,0,train
1.845985897117553,9.893391425534375,7.697842726616833,0,train
3.6104694938450237,1.948497149475994,8.027945369972347,0,train
6.7806406409015025,9.192975820059353,3.503934386181472,1,train
5.752457511348562,7.281406407186573,7.955917828637643,1,train
1.5433139749206928,5.138322305291622,8.867315952314337,0,train
1.2705970882306985,2.752850111219615,6.7598213913670175,0,train
9.672863375231968,5.970617551931463,2.6838866569049236,1,train
4.3663135768944406,9.470385012546235,7.595390700265812,1,train
7.198098890756512,3.699865069402732,3.5134501142667642,0,train
9.705847840963468,3.472932838004935,4.965381156592771,1,train
5.462115387600422,6.2757777727644735,8.679313807888366,1,train
8.149462429301296,2.543474167670765,3.550092460769179,0,train
5.085469295875111,5.730915597977337,8.529057923410955,1,train
6.488611208474529,3.984905890189691,2.801224987797183,0,train
5.062278259988358,2.108610878684374,8.874415024010796,0,train
9.04038157388592,1.1844367841701868,2.9654974875135407,0,train
8.52704591536969,4.522727953286541,6.595436384127016,1,train
5.667971769158971,5.431335751392599,7.602483415399794,1,train
6.962736332476067,4.72720003710555,2.2047265924926505,1,train
8.569452373005822,9.846107292047165,1.6948310648443263,1,train
8.708500829609768,5.125828293892998,3.5260061025246623,1,train
1.9197856401428184,1.093794852444583,7.919565014236311,0,train
5.959101640874324,7.768926506900789,7.602774326328885,1,train
7.907285313067376,5.8859298693210045,4.0427250829816614,1,train
3.860872376538417,2.6832034524752646,3.0824409077558697,0,train
3.5392237523371914,1.2649299346437775,2.5189565710217456,0,train
3.0223993677974095,5.033865375425053,2.679750838064447,0,train
7.5853055875176985,1.5237441334686772,8.060353757127094,1,train
4.292229304700225,4.780932662254897,5.885468955092892,0,train
9.55667831618232,4.511475956429734,2.8370499294103126,1,train
4.382825404016715,1.9821293427681432,3.3584729555503796,0,train
3.1914504692240415,9.761038766956439,4.877975221716424,1,train
7.410024175546745,9.771386150523622,4.595510544978934,1,train
4.727416375794558,6.6440255508284345,5.014647298525707,1,train
7.904457004891801,9.49502499207925,2.357221768866371,1,train
8.70061572138361,3.280751834083409,4.7768620357743545,1,train
3.027135620236686,1.879303488142308,3.770111731996775,0,train
9.841174014869262,1.5657745698615178,1.9027517583159557,0,train
5.53011235109695,1.1672278326577237,6.247130956809121,0,train
9.75451140618088,3.431058935467103,5.89920838360546,1,train
8.70862894979869,4.684847059336695,5.750777153641675,1,train
1.9469486156067546,4.216228959599517,4.822315946730229,0,train
7.824782930118265,8.222536121311965,7.001733932973495,1,train
7.210170856708095,1.3630588646124036,2.019193875300328,0,train
6.710902594339148,6.9012225545162496,4.112397835804275,1,train
5.195523745429216,9.647607662289895,8.589342597452482,1,train
2.1246390596877625,9.523799049022655,5.157730589917953,0,train
6.714130596568029,6.825425785478045,2.1758055778800207,1,train
1.3119645256878738,9.755948989224613,9.500412557205012,0,train
3.1991169670938193,3.2570236671401207,5.600852411644411,0,train
9.421591408774816,4.533399938179855,4.957668270885742,1,train
6.893119763402354,9.902299884830848,2.5228676906401533,1,train
3.4661706882610663,8.283024958698055,5.363739034943407,1,train
1.4115938425974357,2.709044427329629,1.3324372662656279,0,train
6.690175987973003,3.3423872287281786,5.170060239586247,0,train
4.739990934431853,6.050708680234736,9.89792998629364,1,train
4.808520494903915,4.758865284548169,3.754504878977362,0,train
4.700902361199907,2.146157086733222,1.6046646633700605,0,train
6.697631350905964,7.910549292620821,4.192360850433358,1,train
5.722219224264123,4.243975305217842,5.937493652080102,0,train
8.783289836500792,8.659950091862218,5.604743721212164,1,train
8.237919758142718,2.902184653892643,2.485951156145606,0,train
3.11944668512194,7.343854818372828,1.4685206675802769,0,train
4.045659075282036,1.892766521326747,9.187371070555342,0,train
5.156810044560078,3.876430763088935,7.38791929050861,0,train
9.316569299446979,1.6580728918735983,2.6930691827581015,0,train
3.5527980602088705,1.596917410422763,1.2549579961861608,0,train
9.42337126648273,2.376651583865202,4.5162324698200145,0,train
9.398906241710842,8.444865113405884,4.026505812540713,1,train
9.542457930124392,6.729897082028606,1.843733640542974,1,train
3.5602116990802553,7.6645667718116774,9.947830249439964,1,train
4.07129448319538,9.287662314289376,5.4552654680733195,1,train
2.83680944409002,8.058676280815552,1.7697597143129409,0,train
9.12215333336131,7.985552543730016,9.978031847568444,1,train
1.523349498259792,7.89827689228428,5.178299002956772,0,train
9.337004812027565,5.400311875278963,3.8259559485916146,1,train
6.859226018735115,2.3240866560858198,3.520136887191779,0,train
8.027032257362064,6.371649602629983,1.2999373998525852,1,train
4.852105616149642,4.396295600027198,2.5677609146485207,0,train
9.415341348123233,3.3831953551194003,7.849266870956817,1,train
8.12381265697945,9.313293133260261,7.2599435283994795,1,train
5.0236889912552085,1.1643721088822006,4.286028584959004,0,train
9.443206174570703,4.5812254318516965,5.558517912816971,1,train
8.839705938160677,7.745041617131978,2.07498692286923,1,train
5.7122010615972,9.288070856130691,3.1418792546974905,1,train
5.601301529681647,8.075030072251744,2.315202594881297,1,train
3.664290969300588,8.803525982359782,1.794572323377532,1,train
4.034573090838644,5.532174075483636,3.33065500562784,0,train
7.695521552190355,2.526229034648506,6.408699507054086,0,train
2.461650762752717,2.274163192716637,9.141045954231927,0,train
1.7057434808836933,6.272037529936978,5.0742886516847,0,train
6.626376051378616,3.4973053108593968,7.815186153183522,1,train
2.10674522448624,8.055321171380383,5.7786321869824295,0,train
7.524883371645196,2.769291604217549,7.547776350010908,0,train
6.999669421836944,4.822057494304382,9.411174191653954,1,train
1.2240813578224845,1.5194256126468908,2.185346747390405,0,train
7.37422170408828,5.844892821068157,5.729176161627477,1,train
8.76497602298411,8.981417417478427,2.4783509893572457,1,train
5.681689815953052,1.8280912237366582,1.7163412475721103,0,train
1.8238734771939165,9.017890329399464,1.4369936970972415,0,train
7.677138588237402,4.592217722890358,3.281508039246745,1,train
3.261474291775184,1.3751698766694211,4.187486067902817,0,train
4.413105301785192,6.539083863608017,4.385745429401554,1,train
2.926630375404911,4.362430426059998,1.8280896495277001,0,train
5.409536276177847,5.57079477829239,4.174492296714888,1,train
3.366420251677426,7.994158434172352,7.415472103826437,1,train
1.2706067043013114,7.239843315343332,7.244789149809093,0,train
8.637432418311434,8.640690265016227,8.47121380997652,1,train
3.7837437140858894,5.214136502082588,6.974501046821553,0,train
2.0981801686256984,5.466920776878287,2.217652364573147,0,train
2.976761408601482,8.6929633871262,5.136155671206034,1,train
5.818048397635245,2.348806443134519,9.149961953516318,0,train
2.3717366343458153,2.9650327562643994,7.98972487124666,0,train
7.309643970754699,9.987907246161102,8.539798435724734,1,train
2.907975540761356,5.587819445417673,5.851389476461966,0,train
9.248639621615022,1.3731117408253362,7.844672185963043,0,train
2.114444520462766,4.773083219096103,7.146167349273399,0,train
7.004900469692461,7.256604325741168,1.2912873673034762,1,train
5.752692210730946,6.586027755748657,8.421126928042032,1,train
7.309903399590565,1.4183235438212292,4.947539689194402,0,train
8.737326156948685,5.901703401251005,7.166489358010097,1,train
4.988524528584042,2.354453994203848,8.959920715240907,0,train
5.909183874859164,1.728520744328869,1.818497802873086,0,train
6.238701752656369,6.524806364572278,4.540255850901696,1,train
2.697522969434109,9.66319118877897,2.8681918726550135,0,train
4.601326803849006,2.4141654679624507,7.100042847411252,0,train
4.468853398083809,7.527866370702843,2.5981641178810473,1,train
2.2130632585634595,7.371462686690924,9.210350555182378,0,train
9.726784177183152,6.8217638895435835,3.9138594253428836,1,train
1.7897834145013718,3.732346721353657,3.1797146754811183,0,train
2.9301331388338596,6.514809201087191,5.979546008501952,0,train
1.8277707197601627,4.805899367814788,9.677520765693112,0,train
6.2157714931213555,7.64754143051546,7.608687877239942,1,train
5.7433281867270045,3.458141550209687,5.28013473855142,0,train
9.322331123382112,1.0328617505585656,8.249633385702069,0,train
8.298378335968005,1.1431418412112,9.998035187649847,0,train
7.328718757667535,2.383897592102828,4.387393084091962,0,train
6.430438782871857,6.243379034101906,7.241262979564516,1,train
5.23691507195867,9.951622640605207,9.427380524047498,1,train
5.434401965857517,3.2670899497902015,7.3476035815224545,0,train
2.2554946759389978,2.2323502842672727,1.5023415744556723,0,train
8.64430773546638,2.3652561502395337,7.377812019738308,0,train
4.410181943738971,5.01481820554888,6.356992901588338,0,train
8.2233047431954,3.1989877857271813,7.848571523613268,1,train
2.6134892588186696,1.4229960827778858,2.245402229214842,0,train
5.823770552963073,6.884239511709102,4.2053444712286225,1,train
1.3745166441373828,2.9613318643436997,2.0852664062430044,0,train
9.647579054806211,8.624321030552146,6.505184092638824,1,train
8.45364535161712,2.5261543856774993,1.0291149907322084,0,train
5.616522053046687,1.7072088160138748,1.313933798562383,0,train
6.867164094818085,6.084715189968454,2.1501886751137245,1,train
5.3111532371115056,7.999376406701963,5.657684146961728,1,train
3.105041197362553,5.999882419671501,5.734508585631908,0,train
2.7832635114951105,5.365231926376312,2.4899822749474394,0,train
8.054671099449019,6.803517661650702,3.8663512748498428,1,train
8.699403714840699,8.272106421205642,6.1196315353601305,1,train
4.409124802974473,1.1881206339603796,3.713785742122694,0,train
7.1154616885944,2.9800252545600747,6.002739293349189,0,train
5.516041866766061,2.7302007838088507,1.1050352331757525,0,train
9.067880095974997,7.122902358346487,5.028368788622723,1,train
8.70671126482228,4.229980557365034,4.721358057927913,1,train
4.716161263802282,7.956148777374375,1.018735608608841,1,train
6.289601116049949,5.682223882891153,2.041974267625199,1,train
1.3923737049180869,8.878232813529152,6.8461045100458575,0,train
6.181958473309224,7.399679940650588,4.818201197406738,1,train
4.6211951224463785,5.024364056307722,5.34863729648445,0,train
7.888719438024899,3.7753435674565976,9.18767653231932,1,train
7.951929160289667,5.0720756642085565,9.072791071481356,1,train
1.3918662849463317,8.991794818497192,7.371120596282768,0,train
9.864811853276455,3.265865278172636,9.606248529072117,1,train
5.248116087001357,5.219639933186643,1.8262881311207242,0,train
3.3248850428049916,5.493471778110004,3.9884586732195073,0,train
7.8558955040322465,6.567595064229964,5.383649033531344,1,train
8.36533996049981,3.9913274128580367,4.162478602458665,1,train
5.368495696895555,6.3694911567249255,8.278969508994216,1,train
8.118573179173215,4.232048694035006,7.450955735706727,1,train
7.660580588465853,7.686258139640797,5.69214676544176,1,train
1.3612499675400538,8.578463860120252,3.38737139709199,0,train
6.478956580232292,5.166601654430367,1.562078806478024,1,train
5.625084321700521,4.5788647743052175,5.462573052367435,1,train
5.131754807071192,4.186149151380459,4.7806842502680285,0,train
2.2243417082621253,5.973022954834126,4.608967760645667,0,train
6.546396057807554,5.538330553489574,3.3259283961140156,1,train
8.657685409859125,9.444020511955213,8.630330164204338,1,train
4.427275130779617,3.2921186606799564,7.966026637081821,0,train
3.642878748800395,7.782775342319725,8.44043220828371,1,train
8.072879067877052,5.511083702688821,7.0265166025752865,1,train
2.401425577663111,9.362769224904833,4.940205667971005,0,train
1.259575210723939,5.772626583565713,1.6968001246064888,0,train
8.227442281209669,7.479970259271271,4.403425511611752,1,train
7.163452688439915,9.14972593340193,2.207830532660312,1,train
5.156890225046901,4.809208753467357,2.0092117453933245,0,train
8.846412563559932,1.2151551039972945,9.946611615237615,0,train
4.092585880601512,6.766366684233931,2.7203897966779342,0,train
9.630194596239045,7.943208286102048,5.308295636737166,1,train
2.041153762910854,4.456204393934779,3.1993208000943434,0,train
5.369457965710735,4.9538650048529576,8.022916258207687,1,train
6.640246913886003,3.6984246549927233,1.0165038834352527,0,train
9.980441751858052,1.6872293521425892,2.9169807189171975,0,train
8.336936843285246,6.245140882416365,2.1961600459413324,1,train
4.281433802708936,4.078904959727706,5.729574541368749,0,train
2.077018614477443,5.109991044436151,5.8010662545838985,0,train
8.591364855932419,5.917048335086582,1.066355494507504,1,train
9.106262904633157,8.970310954472737,2.575420794502309,1,train
9.944115026083278,5.782495437579401,1.8365097096608018,1,train
9.03132001676627,3.284335696124251,6.648361317614528,1,train
9.012511471125427,5.26720910670555,5.863547286556953,1,train
1.5804979989098304,8.76109945181952,4.926367484231363,0,train
6.73345948358121,6.198546600160629,7.230527918445192,1,train
5.55179545349079,2.509716630730168,8.911547611672477,0,train
1.583673049322855,7.6125780043537015,7.031958043103229,0,train
4.5682493239162,7.109769306593009,7.421493280749269,1,train
7.030182910581065,4.3646395936369276,4.138016940266654,1,train
7.0386449593316796,9.857812071651729,5.265154611621297,1,train
6.633099390586491,8.400115954461194,1.599328860162631,1,train
7.48959343310628,8.9873982096899,9.100873981032915,1,train
9.952738735011735,7.361714146599307,1.9428694173239385,1,train
1.3612661566848656,3.420301096885882,8.322741438935187,0,train
1.836620423547954,7.438772595898798,9.616631892326206,0,train
2.656457406373545,1.6039863124206692,5.666455664269166,0,train
2.8332058893415546,7.686556329463338,7.664124257129872,0,train
8.76350812902398,6.811482359920641,5.408496399478682,1,train
3.758170170894852,7.488966913953424,7.984877390553641,1,train
4.370924473279663,9.861797426424467,1.1188493115168279,1,train
9.66364895884502,1.5105941513491552,2.130927865960621,0,train
5.991177991611676,9.521872260055844,6.373559883683145,1,train
4.56079067078427,8.334014405781534,4.438671052385083,1,train
2.7001063595222536,4.44655873971153,7.9666115392067,0,train
3.446126482957938,3.620465760247535,2.4068835572491496,0,train
7.965644660032102,8.455430959380232,9.975212747248852,1,train
7.287677470599961,8.5234537431607,4.5885897299195655,1,train
1.4608695387900195,4.300312900249298,5.574623515881554,0,train
3.514139169033725,2.3994720385199124,9.938029178888781,0,train
5.131859170500393,8.023195940292574,5.124051000581221,1,train
5.922633904261133,2.5550434157419826,6.372534154775572,0,train
7.800784967172744,1.315770341240555,6.089831464927424,0,train
2.976892974492165,7.9378893677627875,9.990465598510443,1,train
5.387270136668768,1.4079960106453444,6.973871733755951,0,train
7.8494643518698375,1.4060779792112492,1.4662139133074876,0,train
9.441491749974045,4.2062520846721165,7.110981142282865,1,train
1.5335323572113673,6.686438075646229,5.267555613832231,0,train
2.893712044393731,4.407650356586033,3.0698421440634114,0,train
9.521747940906971,8.574479066553767,9.162637066376233,1,train
5.117222056709836,7.542448911300934,8.437607815669393,1,train
8.341432035782649,8.055257364117335,3.727139099847329,1,train
5.965282503943848,5.636948657096396,7.572897534525122,1,train
2.890398532791307,3.2206198043397762,9.395143060093442,1,train
1.162868089030623,3.0363888449742804,6.730024000738325,0,train
7.474652859681154,6.557074235645499,9.78142079966349,1,train
2.0622974962125156,3.3115921322315263,1.352159555773809,0,train
5.5854488357773,6.693553886632771,7.460270223215166,1,train
1.8730777907688552,1.4764658168917473,6.730768436568139,0,train
5.134573165925511,7.6484558498891015,3.4552352709584504,1,train
5.061214422036718,9.455114659112894,8.262339711592732,1,train
2.4421083745511165,1.513509401001514,1.678458123311093,0,train
2.336487081314626,4.688138980344,7.220653041088768,0,train
8.561678970207105,9.343328854540605,4.779057419963107,1,train
6.555745451535571,4.525809012417985,5.9443382731363235,1,train
6.969846761357386,1.7943317045170426,9.02594779318737,0,train
6.447231841321051,5.22751680694713,6.687642280732579,1,train
7.595755794717621,6.436270501119452,5.825031921816691,1,train
7.3628682303558595,9.57478417142389,1.6326894400579963,1,train
7.559588280095583,8.34926270682443,7.137147188140368,1,train
6.706509914576372,9.733266174450465,5.867685863032337,1,train
8.624553289360374,6.216776592558141,8.872965476880537,1,train
4.8110383517527335,9.180084582316512,9.46836941775043,1,train
5.30940216576288,6.5040678800033715,3.520940905314286,1,train
7.513761910846818,3.042871373044668,4.7515349782958936,0,train
9.035755688754632,6.592510285075449,6.0244322335836875,1,train
8.497451201337512,8.246397388653273,2.8825182391099857,1,train
5.56761319836915,9.839994376879407,6.728563773202997,1,train
8.72640444292116,9.722437278706554,5.931649509204919,1,train
9.51731870912254,9.221927166748383,3.3266680908711006,1,train
8.551270159715038,5.620819552890556,2.8461504682117504,1,train
1.6293249384957604,7.245763382065411,2.732779215210211,0,train
5.206008297857114,5.795235404096323,4.4949443947163905,0,train
1.805799884838578,9.510379843590894,8.854845713369022,0,train
6.365092999812242,8.304370242959509,8.42951905122113,1,train
1.0970222814185941,4.588504580297006,7.64757560777044,0,train
8.85467516244979,7.047493153807319,7.719243235355723,1,train
6.7339448615090385,4.8389159365445416,9.159415782620135,1,train
5.057173410294988,4.001761463030908,5.373250488068932,0,train
9.569817399679803,4.320253514161573,4.54411665974919,1,train
3.5340246397899224,7.438854683920698,6.5991914017167375,1,train
4.0789087405984406,1.06859596340571,3.90100787081506,0,train
8.797286781282937,8.597633631265023,3.487319931970573,1,train
7.4891830356560085,2.4876395418628663,2.6308435379998896,0,train
3.850127083566652,2.7752672247205155,7.358403309801164,0,train
1.458165917216232,3.496542806602551,6.262413936653726,0,train
5.89196092423809,6.093869956042507,1.3752309515129226,1,train
5.108692621027149,7.503794390726519,5.59693322339794,1,train
2.461783595987658,1.5342358414044328,6.391090236499785,0,train
5.767565852673543,1.9234473455855403,9.29882602324997,0,train
3.601159293318534,8.645832403228916,1.4086540930440998,1,train
9.384839474657333,8.227683184167123,3.5401741105594753,1,train
1.5640755873844965,1.7307960613413291,2.743810487936935,0,train
1.8795760777506756,5.364992377936173,6.435093096311321,0,train
2.282020995163897,5.001290724568495,2.5722057460752135,0,train
5.253836241313107,3.7134110426003444,1.139345202807894,0,train
9.968420015572448,2.515075866344403,2.278175921428639,0,train
7.39010304714531,1.3806351658023446,1.6232065980281378,0,train
6.075877563837449,4.7753754772724495,9.211441418002945,1,train
7.593455609358309,2.310671653765661,6.594074160866532,0,train
8.822432571587097,4.830231060242477,4.755807415648104,1,train
4.306955536179505,6.16186334858327,7.770557126305446,1,train
6.337126081554235,4.639178862544225,8.695019613886569,1,train
9.417319200198417,6.080864188925272,5.118081980684306,1,train
5.457671936839793,3.449915991314353,2.1380750407491886,0,train
8.640588271605969,1.8489102774033412,8.088531551591435,0,train
6.4098334958829355,4.372376649528147,5.872975349925466,1,train
2.301683973133969,5.55378483314572,4.7937182850300175,0,train
2.8020619882867974,7.803368532220422,6.288003431587498,0,train
9.318667002152532,5.070427182273296,8.364327772609036,1,train
7.500818447405443,1.9418153585422697,3.435821078115664,0,train
1.1088681525306172,8.107054333406111,1.2816132712744408,0,train
1.84362811871081,9.023792588791219,5.973644423864561,0,train
4.041902179892947,5.270222010961468,9.251491216971178,1,train
9.41149690180036,8.632641799842173,2.482957973436673,1,train
9.798908789582732,1.1049733611602703,7.571243692067563,0,train
8.398159117697446,7.2208595744445505,1.944804957030107,1,train
7.7376301656552045,7.151142590541829,3.716458721326509,1,train
3.6759749340608407,5.8784409562296425,8.081815666252997,0,train
9.42877411830232,2.269630025962922,5.372466062765868,0,train
9.328174230629887,8.771503533634112,2.7083084551665264,1,train
7.025620463023115,4.302785722726414,2.5212460200826174,1,train
5.014649698453766,4.964524756646347,1.6676535582472631,0,train
4.598932975534018,9.112970521341408,9.728651921277644,1,train
8.903878706145624,8.675331711396073,8.766270946257725,1,train
8.038188532455106,9.313107803161403,4.4530874308519195,1,train
2.32703995340983,2.240188418636668,5.839060101470103,0,train
8.076091683548654,4.597262400469097,6.238789208233284,1,train
4.809808450764913,4.901300084390743,6.014477458927482,0,train
6.311201413937535,9.388713994004616,3.285468563651983,1,train
4.628788989148895,1.8310621853503495,8.229317406341991,0,train
7.92767075770596,4.629882378502791,7.5386459051550725,1,train
4.653209002552726,4.743611071113726,6.164781682646111,0,train
3.4663373549486662,5.192293229896235,7.114177265397176,1,train
8.051485143522337,9.633432724364893,9.449523793410794,1,train
7.286805549893734,4.342235853761539,6.891473464998693,1,train
1.1315123217898115,2.7187381064379075,8.789569898770655,1,train
5.028279490420694,4.325669155238799,7.036165389981622,0,train
8.931281926687188,8.474493734068595,2.455701806339806,1,train
6.432804830427201,6.473628241302078,1.802951928276345,1,train
9.626993806699346,2.2225831928098683,1.5827786586025407,0,train
5.82892659222357,1.1542153832109592,5.185750768068528,0,train
2.8687273257081203,9.970395586692085,9.502496355219508,1,train
3.0692765980424315,2.5645590587734164,5.9311424616821995,0,train
8.810719190040498,8.641755122810789,7.099358961168267,1,train
8.569630221465358,9.670817095187225,2.680165939284689,1,train
7.423522901376293,4.512316549768801,6.045773049228406,1,train
8.815151159907035,2.932393481598639,4.606648783637641,1,train
9.87176393545897,7.348982381676428,5.735854738042333,1,train
3.8160531379183276,7.111591133939218,7.831707438765873,1,train
2.998008605021549,8.869800422842555,8.33002842993979,1,train
3.8401136114816117,9.990858302413937,1.3730871266468179,1,train
6.746628582547716,3.6510828891558624,7.576056811099672,1,train
3.8415784131375212,9.08940138332902,8.713948810971958,1,train
6.1443564420489505,8.85623779944331,1.069624262250619,1,train
4.973877537407343,7.4517335608004,1.1258683871981172,1,train
5.28382391720792,6.040783617387209,7.851514466841143,1,train
7.990629251223451,3.813636545645294,4.301469823924889,1,train
1.0873357963839434,7.966234392482296,1.8096837606384693,0,train
2.442587067145462,7.826519521207782,7.377646098540439,0,train
1.55677870749438,3.6489030330587036,9.479882677588188,0,train
8.913678870883825,4.515410674125816,4.210477100331096,1,train
5.20814512357819,4.817659656229871,5.671597327844161,1,train
1.2348757380979327,3.5871473449126077,6.614859596864394,0,train
7.31403954591925,5.54217120960765,3.115920008990667,1,train
6.507825888853221,7.953058867169085,1.7436566273686767,1,train
7.3979936210432165,7.808059532476618,1.7293316434271702,1,train
3.6910504297596773,4.151265205963174,7.9045472674424975,0,train
7.38460945783643,7.206524492280371,2.3665430314160556,1,train
7.655732451977979,9.406735684380546,8.025004442269115,1,train
8.231070745569484,6.261765002671911,9.649217399659248,1,train
2.9860588082641963,3.3534421888300074,7.688245399559044,0,train
1.4470799874347624,5.041514542366656,3.266029579556447,0,train
5.081163861310496,9.152438545745728,2.4057019607626855,1,train
3.9117859404907165,5.367523766760653,6.261721762440793,0,train
1.7031668107551061,6.350753022558347,2.4518740588646843,0,train
4.562400345479427,3.2074488871942566,8.997254664507158,0,train
1.963295260576479,9.37452586482772,5.266437607251027,0,train
7.30444571506265,4.567665359675262,1.1695036075827139,1,train
5.723916554688014,6.182459970881415,8.64573593177549,1,train
2.437709237651361,7.54295673737022,8.950036262315917,0,train
4.733625088010389,9.624514328056849,8.275896197419288,1,train
1.7454348127953665,9.496790351024568,9.934411196453867,0,train
6.783045539616012,6.713942494929054,5.304231082723248,0,train
4.173555856019873,6.849830933746048,4.262092907461263,1,train
1.4621799968456075,4.630547724514224,3.9793701449837693,0,train
3.9405675888956666,2.7329212584332274,9.071937369786973,0,train
9.987978629695768,4.526352142651599,6.456972539309695,1,train
3.0803939059432697,1.2941476890717059,7.214719248265775,0,train
6.853639865485573,6.448772473496661,7.870455574836127,1,train
9.064173248348903,6.748996177794507,2.937068679116413,1,train
6.9920753503739395,1.2299131016021976,7.357773428975708,0,train
5.101573606296015,6.186807159153125,3.959575260477395,1,train
4.284906277247193,1.6689013912349369,3.7888775357817646,0,train
9.403077759418572,1.5276251463365902,5.965047756807364,0,train
4.451531507893193,5.286389254577831,8.996555090409718,1,train
6.425652744589081,3.3408168467923804,1.7301544262447588,0,train
2.2336818917162753,4.2300104355262595,4.862823293048945,0,train
9.28595319987582,5.950901083805645,6.942016900824165,1,train
3.6815335797474966,5.347272124596991,9.180210901409678,0,train
4.399679811646592,6.517067417325162,8.556651889719731,1,train
6.329351282217553,2.696535391899773,7.539643459707757,0,train
9.309051457923069,2.390816233737503,6.783552592825203,0,train
4.5000074942820945,8.641445793412203,4.195121001621273,1,train
9.93936630330676,9.184051392674162,4.117405920702492,1,train
8.985132364881776,6.4904371036247595,4.6260836952445485,1,train
3.8719524895477986,9.067828490185446,3.8612803140870504,1,train
5.739277280995339,2.837524843983399,8.46168691011472,0,train
7.802918916545749,5.103336506993604,8.187852554621871,1,train
8.567218830662815,3.682847626035421,5.94083526349255,1,train
5.704168187569715,7.512352612829708,7.466752728478198,1,train
4.068368073807379,8.115908506510515,8.382609692448455,1,train
2.0697616827694376,5.931209548879475,1.018754854092466,0,train
5.153989798177044,2.4034179037633323,3.1408352710677625,0,train
6.561827812858538,1.4034971189994214,5.39180154199094,0,train
3.1266827989075723,7.021352321119459,2.1188536789756287,0,train
6.125268349002639,6.057255019470255,9.231705780742004,1,train
6.172813726746625,2.6724726371552316,4.056035768146491,0,train
4.948496490349898,2.174799358492576,3.8933311244434994,0,train
2.720304328666661,7.535339389238303,9.212642150915716,0,train
3.2398927676143305,2.545516439574118,2.318679126601946,0,train
3.5440712521711797,2.7943033772540398,8.647631018409507,0,train
4.196315189833644,2.2658968648695463,1.6882389106145377,0,train
1.3527368332204242,1.6012789926745423,1.9613630946648395,1,train
2.7679548421400963,1.0578907597463654,6.1711133360956225,0,train
1.0360070168623052,9.364944048049573,1.487282978424236,0,train
4.524232580133872,1.6282685304040911,6.285508940175164,0,train
3.6126737941165916,2.058061660500436,8.818682016964704,0,train
2.5837233296184556,2.8059646512353704,8.948874796980718,0,train
5.474288038644197,3.43269150657692,1.5854835163061909,0,train
7.643405420467463,4.016946549598483,8.10092689867401,1,train
1.1234292925699427,3.9277450110585708,8.640867894124112,0,train
9.14044022623908,7.7741279004057775,1.7286543490414115,1,train
3.7870629860025113,1.6778321013625601,6.376095859233524,0,train
5.076590784169143,5.2892085650220855,4.787868466501887,1,train
2.5561457030009413,8.513542757188455,4.9983147171833595,0,train
8.290861134257232,2.1423198703090547,1.6320739833972233,0,train
5.394002256634361,4.985365648606969,3.205260191852125,0,train
5.306260680392758,4.881556559056814,4.273194852135359,0,train
9.375585383334837,6.474563774643276,5.245429591371198,1,train
6.598616080385014,7.982047411861561,1.3941453322017903,1,train
4.879708455630044,1.4453684060134404,7.1650758009356075,0,train
5.200179486826094,3.6464998719180017,5.201235322051674,0,train
3.949567991176499,8.273511185241201,2.388518469034914,1,train
7.90885949403423,2.4845878018728254,9.213558280621278,0,train
9.019975752404818,1.0846498454873224,2.1463855248500057,0,train
4.289319078045743,8.87652491046981,5.969880844787622,1,train
4.8229312587252515,3.6299184046978397,4.98188457318365,0,train
9.259132092633147,1.7721508656723863,2.7410686672237827,0,train
5.437168538895696,8.44287354543378,6.784851560643949,1,train
9.859558747836925,2.0811779362128946,1.383095748690982,0,train
8.014283548238975,8.532056169936043,6.538788284009228,0,train
9.659159933602297,2.736393840819546,7.357466180917367,1,train
6.109200158390784,3.049783754905219,2.049566983304631,0,train
1.2862607929067431,4.588031868430421,1.7562657391647978,0,train
4.625224287029608,3.471814979842257,7.4280186944892375,0,train
4.304708204280396,4.4247873446689185,3.9920000733633483,0,train
4.027054046354964,9.63632354438205,2.134918962550513,1,train
7.646451130106385,5.776530680871709,2.6158552581460217,1,train
3.9318553728575902,6.796233667482038,8.598792464271687,1,train
7.000692106033025,3.9893473831946213,3.267457323616271,1,train
2.0707741202013157,1.3114053279063278,7.67337115895937,0,train
6.480305676199716,5.576904316485701,3.5805042375865166,1,train
4.589998319956508,5.492550612993704,3.6361463121742332,0,train
3.804549942167441,2.880147950077581,4.993648784184138,0,train
4.306011599516111,9.373376529950802,2.9779349991458464,1,train
7.772424410360553,2.9159909764818663,6.2046676913915455,0,train
9.371153108784245,5.2001826489777505,6.016870836102039,1,train
9.372408728919751,2.5197191562356225,4.92091631725075,0,train
9.389020910951112,6.585545624394915,3.9131430030425514,1,train
6.090849985827447,5.873883594854922,5.746979695581134,1,train
3.1324129269510435,1.7344996355055762,9.176694713737513,0,train
7.615055294510008,2.1433267854021802,5.707790078579947,0,train
7.638023110083026,2.945507937571845,8.902126486632163,1,train
7.849748697371605,9.937322917260436,4.401277739831278,1,train
8.747212096029777,5.0735494137740424,3.340012617884878,1,train
6.317312908143898,9.27614272747305,7.975506615695891,1,train
6.941870865300104,9.44784840120278,5.674342952993751,1,train
9.636808024570124,4.747530259119683,5.56051613778066,1,train
4.327770191099427,2.2011861953497736,1.6881139128096079,0,train
9.326907099438374,4.4366564280239285,8.887672409170763,1,train
3.2535055860310806,5.234466252608372,9.019625325107581,0,train
6.346653245204322,6.029685716196158,7.092702218977017,1,train
8.250844021820566,3.3661823321170914,3.0202261365816545,1,train
3.296954193308302,7.699825232958211,7.213362599946035,1,train
9.191460619638448,5.245860156585456,2.440466073049138,1,train
4.171382411085647,6.955120756248343,7.073613412341142,1,train
7.20163745710352,6.139788344339409,2.475537571304365,1,train
9.06808339166328,4.6601598279774175,8.026298552801812,1,train
3.9566352664508195,7.899506343255924,1.3105971492701411,1,train
6.968085900152459,9.714098701719958,5.225889856510789,1,train
4.266919879686407,5.00607588037895,3.422944941311644,0,train
5.4938744249082365,8.346443887786004,1.0207047414838262,1,train
1.2198346476997963,4.486269530499284,6.104027749474234,0,train
5.27227204462284,4.879870730419964,2.1659295676434738,0,train
9.459195492765291,7.87509182265285,1.9529362073177297,1,train
3.9538326198575717,9.239935127479713,3.9259249327267787,1,train
2.3248985111809537,7.034766147497594,6.284086363381723,0,train
9.360507102606215,7.833017562153639,2.9446470000236906,1,train
7.916168406117617,7.6852125996738545,8.794812179218898,1,train
5.532017744893377,3.937684464765378,4.638679556313518,0,train
2.628627949517467,3.708076292621874,7.40480099631987,0,train
5.568773051992318,6.8569361369151265,1.850743267541677,1,train
6.610954794801065,5.287579802479852,7.145583804319146,1,train
6.886781940967337,3.038944097391981,4.8150664016314675,0,train
5.462126952869195,6.518880687304365,9.48947579273599,1,train
7.24611741797524,8.508018249694091,6.782895967485401,1,train
9.591781744578999,1.7259264908262648,5.962281591433419,0,train
7.164008603066419,6.424388373460172,2.079470795323189,1,train
6.368553854634196,2.905360868158754,6.88661756552021,0,train
1.546761236183865,2.6486220870908133,7.922992014865147,0,train
8.61865566990269,7.574737260866106,9.00487492271829,1,train
3.81015996813269,6.442334982391563,3.0005610861388536,0,train
9.135569832318817,5.027945498068644,8.59618495921268,1,train
2.7645050604041885,9.07503905602097,4.899154341058735,0,train
6.32872786045296,8.92714338159681,3.5274850548718324,1,train
6.6269057154278395,2.7432646316918246,1.241335183155666,0,train
8.632445491180777,3.1780227445387013,9.848662077679181,1,train
9.357231218830815,6.1372147116671965,8.312326279399187,1,train
4.755391337731726,4.422452190779984,8.561059998213242,0,train
7.069420701251104,4.496176182913625,2.3903956323248208,1,train
9.889726879501351,1.9485823288153008,9.05201427950786,0,train
8.960694282823361,9.108119413416112,6.166562264795138,1,train
9.418720210403254,2.753332352574021,6.59527873849494,1,train
9.95214822375958,7.4115784347262865,6.093603347731754,1,train
1.2478267747074179,8.083608954934583,9.011030111805818,0,train
6.978582598830986,9.7150510956825,8.31586726774488,1,train
6.691706883809294,8.618935931203248,3.199176104333936,1,train
3.5299632894156043,9.913672656122435,2.5528459017018075,1,train
9.432459109072292,1.6037180229109478,9.11835018370998,0,train
9.366011811903268,9.194321711303294,4.047518170954696,1,train
6.071324023656958,3.654974889813809,8.987777373007457,1,train
7.543984630654589,1.255896181973241,2.7592024789300442,0,train
8.00358573899848,7.922991980419235,8.681035982510862,1,train
4.651923231604341,1.7588229778741895,1.4084957047077635,0,train
7.415176286506653,5.035628171515161,7.626095758765487,1,train
9.37598928154898,4.751855489134524,8.820482612809698,1,train
5.143750010388913,8.50945998664707,8.33668549347006,1,train
7.779284012733182,3.1621424772719644,8.792990511761928,1,train
8.3617750803182,6.892085786439943,1.3200270414078918,1,train
4.630383280337406,2.1882210441541967,8.830608177786832,0,train
3.2924073935195275,8.503240344970376,1.565023801898072,0,train
8.833551276470628,1.0456804760469884,5.071831795582127,0,train
3.6668312849513525,1.0835530808724578,8.883047030591944,0,train
8.978540272293047,5.5015146353940265,3.483513652963585,1,train
6.960984703682133,9.78959828812959,2.8169026079796406,1,train
3.8450870875913337,7.786242703473533,1.9320820670026753,1,train
4.460897979991921,4.540085189950355,7.6577116339005435,0,train
2.665646114826218,4.439667527183941,6.525529482059396,0,train
4.922802581061342,9.570180751979994,2.7327444186449985,1,train
8.4640693089695,9.239689395281474,7.804102326291618,1,train
5.020973469856342,3.2601724201066826,4.844407827443205,0,train
8.992408503833365,2.861339833604524,8.057182253257738,1,train
2.5416050254656772,4.605515082213222,7.797458708937002,0,train
1.0357961410135743,5.9521270468612215,5.987147105560226,0,train
4.001935726231265,3.163782146833296,3.775617081682091,0,train
8.218559055811188,4.555667169771407,3.9643790420474536,1,train
6.732918746131677,4.460148427409765,4.93376056965819,1,train
7.870414785671771,2.260408458110221,9.193672419343576,0,train
3.043930044435858,1.1200068949108282,6.3737635465511016,0,train
3.4595298620523205,3.457511172136732,6.261316793824365,0,train
3.440407870948778,4.945079407531171,5.344140907678883,0,train
7.3490448434282625,9.469124298664294,7.9203540954886975,1,train
7.887300410329055,3.424647545965996,2.41659803208493,1,train
7.790795966587874,6.344133497430196,7.182410736438465,1,train
1.6606686324232127,9.408882594032463,5.502183281909163,0,train
2.891490690297053,7.444920603286907,6.962274531497306,0,train
2.1188803080068856,8.218764803253308,7.2899625729090705,0,train
9.038434016640116,2.8430888479666434,3.657060941174559,0,train
9.826463796268042,1.7844400837157495,2.936987009048873,0,train
5.3467972720202726,8.82561618648062,1.3480804057470002,1,train
9.181055902373778,8.99984166882846,8.154431280004758,1,train
1.4807600811499988,8.708968847038786,1.1793819333807924,0,train
7.734088197790815,9.61850284782151,1.7540311346649198,1,train
1.9457143841725384,1.322443307193812,2.4829469045091583,0,train
8.593655001688157,2.5927168659309614,9.60825073093357,1,train
2.577864001129298,7.112433414117679,1.3431425315625134,0,train
5.943322033701037,5.059981151459857,2.655003589751362,1,train
4.074391336234873,6.970201332786722,2.2916179303691955,1,train
7.572335170927663,7.754550077489796,2.446244836380843,1,train
1.7904476368479596,2.5778823639092927,4.87892996396228,0,train
5.279728516937607,6.1598033478461724,4.978890025560627,1,train
5.95014265446041,7.314333173989683,1.526734688903451,1,train
9.30640382226049,6.162753807843785,5.514871356434356,1,train
4.096887188805927,9.861806839022277,2.678626874737919,1,train
9.489233415843712,9.123599250422812,4.218160919133358,1,train
8.98808786197322,8.56714860243474,7.019004792441578,1,train
4.778731123542146,4.8964024467152125,5.304386874853945,0,train
9.729435131663598,3.3337338539106547,7.031082673535753,1,train
5.108543660808503,7.85313793620634,6.271471661323207,1,train
4.725560366221158,4.211995341729732,3.735822175970835,0,train
2.8445008792222684,5.338953451874997,1.8897377065843022,0,train
2.5351854449294304,4.608579487634087,6.086814056969174,0,train
6.356689956119035,1.4268861920887654,8.904910932333536,0,train
7.422706918749998,4.141120423020791,4.720976721522204,1,train
2.7860480020903275,8.729686245802105,4.849291587183785,0,train
4.11074411601762,8.95055853736941,5.869721605368159,1,train
7.174649432868955,5.644714129270515,6.774582925929013,1,train
7.117439734540664,5.6182657120130735,6.941240600804117,1,test
7.353045951121615,6.6547877867132685,5.346463778091825,1,test
5.131112296324287,7.042667791240483,4.467302751190813,1,test
7.114056520842963,1.182015573749753,9.264246671651563,0,test
1.3173098860276458,9.367475043994299,9.651013824848029,0,test
9.513065639858462,5.215776064620913,7.33381025069141,1,test
3.615153646217319,3.7275388160580762,1.325719497398775,0,test
7.286484873980709,2.8349730319707485,8.780187085556593,0,test
7.641542493643232,1.1308747487849133,4.42232561484647,0,test
9.134773158003597,4.6100560937266195,2.421741729056103,1,test
4.5792566868011875,4.119188177750245,6.177099991248887,0,test
2.82457976361283,7.835526883100253,1.8867757337374558,0,test
4.055625416428646,6.4288153350565125,9.384334244566558,1,test
1.5386267501763204,7.853789490427988,7.200634702804819,0,test
7.429318062336765,1.9990326622902743,1.5189558866082453,0,test
5.534200848681385,7.893336426028591,1.7419249587734942,1,test
6.2309878731948904,1.9183408226670267,4.911717167048347,0,test
9.470015330116645,4.395033348068867,9.280514048743557,1,test
6.332486457870087,4.069062366882575,1.8149740038655644,0,test
3.2590272440590407,2.7979205426504774,2.960767836642831,0,test
7.102812452197411,8.85513487937846,6.971830038124552,1,test
9.527864480005576,1.957453060278365,6.89892630020746,0,test
9.370726494278422,5.618282381859614,5.369918810884317,1,test
9.85624966652793,9.975436480396342,7.27946047193199,1,test
1.3776627699028792,9.551797354654298,4.511685500146355,0,test
6.045081612463441,4.996880554727299,8.233197459082783,1,test
3.4271423505744414,3.8716345859745775,9.799350309874324,0,test
6.360932702059174,5.6643633729861484,6.770308459602094,1,test
7.121922415945963,7.7768866432303785,6.355342986474099,1,test
5.427255342839114,8.02495432984647,8.793371132718358,1,test
1.372898578322693,2.95835959904087,7.415934356147887,0,test
6.517108710310078,9.83562221038765,1.7504469307520076,1,test
1.1927671283958534,5.291116067251591,2.9596779577530548,0,test
4.59092204359429,7.280778019248482,3.7245814851528043,1,test
5.133045478087937,6.267753057549041,4.944089262183075,1,test
8.335931664447555,2.0218197442460584,2.0208776724352133,0,test
8.16220023045221,8.956020473039551,8.457827967950669,1,test
6.4432334321944795,1.394449523428165,5.838408741386979,0,test
3.375144592694738,8.593914699793478,1.0030021043676878,0,test
4.776072552666776,4.8536319792659475,9.63441052819597,1,test
9.098617613354332,7.909828045668228,4.773463363378574,1,test
3.4089946947242815,5.032429022928067,1.9109313905035417,0,test
9.387909726123711,9.358018263373168,6.569524662085219,1,test
4.4286001001877375,8.361180149767526,9.094032847532446,1,test
1.3890585150967913,7.739416377961694,5.870355139768462,0,test
1.6961217272768796,8.792757873169109,3.271985217198968,0,test
1.6851404665847718,5.513146225915651,9.174143045935754,0,test
9.679391007270993,4.606817399800168,3.29259491298776,1,test
1.3392150871703499,2.0161586395038515,6.864685323858219,0,test
2.006390890110149,5.828568997196812,9.10945298792922,0,test
2.5514070969648905,2.1983874766474854,6.829831233845823,0,test
9.393973583835585,9.917232855380172,8.999703752550689,1,test
9.211756931048058,1.4539965162406205,1.0423643946411447,0,test
9.198450851673734,4.266178915233789,4.875623588658067,1,test
2.45411210285274,6.321952813467854,2.350404272257843,0,test
1.0867288463934424,9.638820905929814,2.627544290510413,0,test
4.980822019741685,9.823236532854311,7.705083038040591,1,test
4.859754236742414,6.150149796379364,2.643702930511955,1,test
5.680324477723698,4.968744424238269,1.834782048793783,1,test
5.922056979454503,1.0730658036860836,7.913035924240338,0,test
5.298888284755201,3.6873203979583637,8.962820047974493,0,test
1.042256832986118,2.975869988632083,1.1426019046837097,0,test
6.562606543125864,4.6528678670284025,4.722188964132204,1,test
2.8079026088795747,4.963188308960375,7.163581255318919,0,test
6.883478712380057,1.6842124711664135,7.077142630670599,0,test
3.0538088300092086,2.680617642707222,3.543988889296098,0,test
3.4665643019161423,7.901721047003031,4.2955877641200395,1,test
5.948214695900162,3.6987233624487104,5.91067859234411,0,test
7.682700352715891,6.334465036529879,8.602656585625663,1,test
9.766433753354496,3.3559656905294744,4.151774774830456,1,test
3.3573470424322833,6.165144125543705,2.5802571613944414,0,test
8.617212608699704,1.9478187591928422,7.806708072824846,0,test
3.6070109244217656,8.234605459038328,9.191573930394593,1,test
1.3410206273202387,6.203717944211437,1.3165500131462056,0,test
7.227355977149562,4.9709734638135465,8.55429353378281,1,test
8.16240858116539,5.842814466831225,1.2086671452657263,1,test
5.731686502510974,7.46358691326949,1.1711165632186964,1,test
5.922009214103576,5.929188153165907,8.09462360152904,1,test
7.875896518159636,6.818977127159931,8.937691102218253,1,test
4.206940329327213,8.50087325398402,2.9905444931273673,1,test
3.6471998764076408,9.86597178973235,7.941983945805471,1,test
6.739907835612784,2.3639804051174815,9.278695524444467,0,test
5.1377261088509325,7.2141906107501494,2.7402172651520424,1,test
8.501915698906238,7.566862670312892,6.982455949207474,1,test
9.90196137104775,7.657377828161006,8.553993006950813,0,test
8.774996859473166,6.174876688638615,5.875416552780448,1,test
9.89176478698941,4.453332719301891,5.643046730359614,1,test
8.414437567355586,4.742594176377013,3.3532235058120325,1,test
9.177490493377345,9.009410521511873,8.912808091267989,1,test
2.596582304428417,4.137414312976729,6.183603208548691,0,test
6.042401792575858,7.948226166599616,6.8520945506861715,1,test
3.8310284309738485,1.2049509500432567,1.7163648486746865,0,test
5.802211286631097,1.8942786756375227,9.989387962072714,0,test
8.818905167597364,6.3389851715947305,2.357815610078762,1,test
5.4691789301963345,7.07590249795013,7.6977714115363876,1,test
3.7406449050155257,8.486095226903679,9.212047515373241,1,test
1.8666027670734362,1.3311619626003024,3.437925060045104,0,test
8.34328197772627,5.717582352134968,6.839191310560057,1,test
2.1894348259136054,1.37004564124011,9.790655105644046,0,test
7.88226406853392,6.599025961066882,7.672357460319771,1,test
1.719946211105624,4.383797418607943,6.675690101256941,0,test
3.830846847047812,8.36093690686464,1.490665512289278,1,test
9.408190362666055,8.703937638948362,6.246406542766948,1,test
9.134845636289482,3.323669463900518,3.3959134497458465,1,test
3.7182739634490813,7.681228536102573,3.717459564941316,1,test
9.017670514506733,4.54237131004811,5.658003408819693,1,test
4.966199647524361,9.890137910818316,9.177562516323327,1,test
7.917289579466583,8.649825323836994,9.188491295556535,1,test
5.868935717532971,7.898490183214611,5.940111657671305,1,test
1.041598321400734,8.516624841485383,8.807976049655258,0,test
2.41368677924529,6.032507198990271,4.46103619681961,0,test
2.720509511911561,6.051336851837174,4.361413789529997,0,test
7.221949809064259,3.0956168803775914,1.7928979235327414,0,test
7.067729296322344,6.780298263324074,4.885509192370218,1,test
4.032107743790044,4.15749193077175,6.160347438267958,0,test
8.599498633061442,4.120873457067426,2.0553208097585163,1,test
5.700912145791275,1.4164885724221608,1.9540884799027354,0,test
5.764510731527321,4.665974472466585,2.7980970874213478,1,test
2.7575354304071613,5.066920671161525,2.602919758768091,0,test
4.79940262064325,6.501867303541349,2.8316652533607827,1,test
7.031931343966036,7.594458246587847,2.764942505576231,1,test
9.908873592343816,7.321553099301957,1.6178484139978293,1,test
7.227064788026504,5.574699811449819,5.206676105211539,1,test
4.422841906631277,5.667968954176271,9.538556282845972,1,test
1.8853136435879128,8.232851872990368,2.4899190068293446,0,test
4.133539596952872,4.497435348568853,2.6729329519646274,0,test
1.3873911704194302,8.849275020106424,3.8602318886885194,0,test
4.515016797236375,2.61170777446333,6.639478238758998,0,test
8.459956618575397,7.4867873330411685,7.93443106567761,1,test
6.33539680155338,2.7536890868986132,9.435431491486455,0,test
6.384233042191611,6.244762462981503,7.040752858732043,1,test
8.06619297584422,7.752257055981285,5.273786049158162,1,test
1.803044720233585,5.961946326552646,6.863472695403015,0,test
8.656755653976724,9.886768844127191,8.84583787967436,1,test
2.8137605839197875,4.976639811922049,4.870632152475656,0,test
1.038578009461124,2.883658106014227,6.501305334259574,0,test
3.1984140887158956,6.411114040162323,3.198677294233024,0,test
3.8857968826486413,2.349599682456258,8.185535027386955,0,test
3.0133031626254105,1.207020017834737,7.529506745064507,0,test
8.582947626441094,4.287099562093257,1.7973937945456169,1,test
2.7024614716811888,6.799030891955597,9.528813397393336,0,test
2.9676107962896925,2.7521788059936063,3.5862321491711904,0,test
1.3141914984257774,8.665647901256376,9.26855879356312,0,test
1.8735034985004744,7.535571976206867,4.320342107969584,0,test
7.333103594385161,2.1119080393869933,3.154783906197346,0,test
9.689071617126544,1.2872400034052673,4.904982170064832,0,test
8.179212035860052,2.1864238189614538,6.343814596546139,0,test
8.446452116659643,5.634577600134525,3.771381473796569,1,test
9.888298096653806,5.005169392242715,2.8668528744030715,1,test
1.737466100712885,4.676516294931019,7.199511246017458,0,test
4.843015331685559,8.473958916684497,3.825296588616994,1,test
6.5999981036319975,5.56869714600536,2.2798217855656855,1,test
5.065863266502281,5.014658090201799,2.9721602287964193,0,test
3.8718424964850096,5.225483405744669,7.0986498287664155,0,test
1.2729473714781703,3.5919668551849737,8.798220331737127,0,test
4.303573069977877,6.690855638095308,3.5412016642655466,1,test
5.23327209923199,7.511255062796767,7.890867126376379,1,test
8.219903486151209,4.338458090335246,1.9460646006337867,1,test
1.8658036467461616,2.990256275322911,4.048489088106754,0,test
6.094558430971389,2.4272047004876476,8.577420727563414,0,test
2.5941289102138496,1.6238688567612938,1.7440070370321958,0,test
4.004039671133076,6.469279259303236,2.045279371312847,0,test
5.136081619034688,7.074074800824114,5.735976820107782,1,test
9.268487793828504,3.656448170877968,8.662955254497689,1,test
1.1619823089685744,2.581690311067774,7.4697649397247625,0,test
4.245160486800588,5.4108568615525146,2.419787114856124,0,test
4.007543155846076,1.5082085652800292,4.71991223018582,0,test
3.1132569449086693,2.1730103457444527,8.589158115735092,0,test
8.216642868529988,5.251790927894429,9.089280653085527,1,test
6.3791892619031145,7.302300481539784,5.483241114450253,1,test
8.339150020110262,1.374057118662321,8.978652875086322,0,test
9.357457249725398,8.976216024709741,1.8687613686155908,1,test
8.93786236981779,1.246621674338245,6.40214936311197,0,test
6.072041662452158,1.441482950122166,1.457362995620823,0,test
1.7644370565846685,7.168945978754128,9.45295033857536,0,test
6.958345670821285,2.8028057839606784,5.226451485925794,0,test
6.778242820923111,4.311926513992356,3.1424698537069102,1,test
1.1758687138314234,9.915985557122278,9.896373770006534,0,test
2.091343725965034,1.5196925751508559,5.148364693237777,0,test
6.704113815469949,5.28093856840405,4.297911866095271,1,test
4.552205821079066,8.698691775160409,1.2569516770182738,1,test
4.57583840363516,3.7088988606248994,7.159761253644271,0,test
8.12079371457058,5.392175889981481,8.555165391900447,1,test
9.550033999001952,1.3686965177772912,9.891288594811163,0,test
7.910833223638111,2.9085670404562305,2.187189710749962,0,test
7.353318702957635,3.9752274933372487,9.05675949925408,1,test
4.440691193672599,4.105726556093333,6.486298069081946,0,test
5.953813722820386,5.1403465463676,3.9171004739285245,1,test
3.344399529636581,9.115031694378484,5.106699941557462,1,test
2.159508652962176,9.364508133718152,5.993344390008896,0,test
6.6448085268904995,9.63115603612004,7.919333454479407,1,test
2.4960337430955812,5.757569110445559,7.964619074758693,0,test
3.785231198043923,8.697549018964015,9.76857999383681,1,test
1.6033794207616987,2.4240989750045876,7.196343937818555,0,test
4.407569079665517,6.2537707324987135,3.574808761425887,1,test
7.708433436113696,7.559049374537153,6.93445232072872,1,test
1.263723880164188,7.433068543763086,4.657969685407521,0,test
9.68311879887295,9.226133589129502,6.711768092857628,1,test
2.674355854771992,8.010088226022324,1.7210829171290771,0,test
6.074650980459575,7.317883993054824,6.862420633091911,1,test
