A,Spur_shortcut,B,label,split
-1.2108584661740005,-0.5867720231678243,-0.3211420659712105,0,train
-1.4364573354212853,-0.5044258443789064,0.0863309127715658,0,train
0.07617290612167277,0.17301578733378759,-0.3639116398121857,1,train
0.7189251927461915,1.6883289244408677,1.6493119057911179,1,train
-0.4025233787147373,-0.09448714958176871,-0.022839314577769276,0,train
0.09666210791430874,0.9511724652735467,0.4848269915249436,1,train
0.38123479486732037,1.0823831665246373,1.7303053937146213,1,train
0.276784709435442,0.04204130178095045,0.8974556919611469,1,train
-1.1854698611757157,-0.33530833120609727,-1.4024766449412704,0,train
0.14776498271883154,-0.47374292711151456,0.7513908922063153,1,train
-0.6100945481529726,-0.25866068159750727,0.4102713751889421,1,train
-1.0550977383030733,-0.48123310425748056,-2.086249999101462,0,train
-1.077008232480388,-0.38718063267564246,-0.5992455389159878,0,train
-0.13070311655079284,0.3708070146491991,-0.9118964392059754,0,train
-1.0781945650354774,-1.9907803299700293,-2.680402169712148,0,train
-1.3343173295081538,-1.3790603834493338,-1.93823519064776,0,train
0.011499817223649442,-0.38484241176434897,-0.7100402620589265,0,train
0.7868221143693334,0.11099612236713158,1.28909984161385,1,train
-0.1501089249377414,-0.6766785285861575,-0.7949292719927857,0,train
0.6966041443266363,-0.06664158567152523,1.9718172722538663,1,train
-0.41282739972291593,-0.2358322456078498,-0.49772323228876986,0,train
-0.5684415071077761,-0.21452656452413282,-2.080156835805142,0,train
-1.651095940934065,-1.2078648105607348,-2.3858530906644955,0,train
-1.188227844421028,-0.8076966125592355,0.16530408784989686,0,train
1.6725643998536228,0.2204798022374,2.1051823917788726,1,train
-0.3684498589795894,-0.7683896150175769,-0.20884641559665756,0,train
-1.700531079676043,-0.7216513933399036,-2.435950660941014,0,train
-0.5614108222681977,-0.22414020216367758,0.23568908064403726,1,train
-0.7552010013970514,-0.7441362302010127,0.02336852494514559,1,train
-0.21671129234250702,-1.3133070648322915,-0.5931814592358168,0,train
-0.6860902892585533,-0.8077562548587982,-0.6704349872306133,0,train
-1.2153004812363402,-1.7279134207550808,-0.7163751119615932,0,train
-0.24298807478930934,-0.7534861766341913,-0.5378845832457669,1,train
-1.8377336355729397,-1.5192144250541395,-3.133402182306426,0,train
-1.229860203000931,-1.3258447101606632,-2.1586283581184267,0,train
0.18763336845639556,-0.2831780881759988,-0.07670203865771857,0,train
0.32256163767859086,0.7920717978679508,1.8150986323093103,1,train
0.4951477621713837,0.3687979523816997,0.16248894963857874,1,train
2.108938756944509,1.7002956929318824,2.029010430589595,1,train
1.3524416158298544,0.2579028023942217,0.9735578876574547,1,train
-2.127657058009729,-1.3348270929998827,-3.0262720700389703,0,train
0.7326011903915165,0.2752385123419758,0.8497042327833607,1,train
0.47039361510702227,1.4533166921721448,2.0135986517293616,1,train
0.15951062061049637,-0.09245654774849535,0.6760685018892324,1,train
-1.5708094890012647,-1.3648711990757536,-3.1311456048396944,0,train
-0.20184185868085477,-0.13058565290644109,-0.8052190479894267,0,train
-0.666208164796328,-1.9206950027215728,-1.1624683286050332,0,train
0.1968462353796908,1.0862966312644142,1.0777450494335663,1,train
0.727629930464659,1.106566910570039,2.543212438200227,1,train
1.111716232977333,0.611229232602864,0.3888530088877418,1,train
-1.090116371082885,-1.5983528289208397,-1.382581578178953,0,train
0.6558415106509426,1.4887952940787992,1.688503334163304,1,train
0.46282030964847237,0.322167601932315,-1.1800280146667226,0,train
1.3909750536311511,1.6445817477699165,1.6321385569490998,1,train
-0.1488061445389794,-0.40735304012645257,-1.2426200432978969,0,train
0.1683341955239895,0.0011772372916094564,-0.0163642528721496,0,train
-0.12821874655687285,0.6177917883235173,0.35780974838272905,1,train
0.012408842783593221,-0.028794385894654287,0.7301412895726587,1,train
1.5104845062986565,1.1364918607223164,2.9581654885733064,1,train
0.7826808355110749,0.5673686386771851,0.7690746113047864,1,train
0.8256351315956514,0.9375259157025052,1.0615170532103335,1,train
-1.4770098825622842,-1.3218014880175024,-2.115921881648794,0,train
-1.4097661234311432,-1.2021629764352528,-1.9676027787999342,0,train
0.16889518469914055,0.35514333128340236,0.37930412191278823,1,train
0.19896524595283077,1.3396630986331046,1.476837440735899,1,train
-1.6522440381045385,-2.277141351765616,-3.5857355721296384,0,train
0.26320453356023576,1.6046665360427583,0.4626429771640258,1,train
-1.3276997038573835,-1.3514458716802693,-2.0191287159914513,0,train
-1.3312583033997651,-1.8865582644415189,-2.8626290789415516,0,train
0.7765333195794326,0.8457958822599626,1.6756615615792474,1,train
-0.7526957081947854,-0.1574600163684972,-0.4371845912143815,0,train
0.033398599423205444,-0.8522706344703084,0.19674284017611837,1,train
0.8070967153091858,0.714280360235319,0.4621264766652744,1,train
0.9134698092289915,0.8903535807907308,0.7882974994104343,1,train
-1.094910929822999,-0.9470181940137934,-1.919276718907122,0,train
-0.3172790080141017,-0.6901095816584792,-1.3199332494316,0,train
-0.9531253886562866,-0.36076095224862553,-0.7033044413295357,0,train
0.25932780956183216,0.36119436615508127,-0.6079497725818416,1,train
0.9279630690152958,0.10718822463598354,0.7932293037344209,1,train
0.9379728694075816,0.561685821703715,1.926200440855274,1,train
0.46464957647396665,-0.3844469860000521,0.785748657728556,1,train
1.5120898588340665,0.6500587644225397,1.630449870815431,1,train
-0.3523639205952315,-0.6931137170932068,-0.6534998446282071,0,train
-0.5561542071441743,0.25196553636425867,-0.4005739343053598,0,train
-1.431377407454693,-1.4491427436086783,-2.8583617937172026,0,train
-0.6226173747887112,-0.38570765847999045,-0.7747449243995269,0,train
-1.9099977425268215,-0.9048440783387087,-3.346579625497259,0,train
-0.8293716038291804,-0.8496301965905457,-2.283212166199488,0,train
1.3301848489046972,0.6135138504619237,1.9792572810333882,1,train
0.12071519202373737,0.0034832659696437396,0.5787409578999556,1,train
-0.19708549653828783,0.8799447575067529,1.42038840202961,1,train
-0.20369922298804888,-0.12266233898280066,-0.25550121234765266,0,train
-0.5754764132301909,-1.3105942158948285,-0.28636140715544534,1,train
-0.4645629267956072,0.520715601154288,0.017911064133874943,0,train
0.8346175643866927,1.0702098952634271,2.6775038858199904,1,train
-1.5725641647084476,-0.44941055650820055,-1.8906091748774916,0,train
-0.6628554042890046,-0.7273154608750514,-1.0492962166094095,0,train
-1.0752545434415781,-0.8031665928474202,-1.1239575710682137,0,train
0.1423691360168119,-0.6683244545995133,-0.1807871155896063,0,train
2.3153940251663876,2.1532858911780552,4.646009443181558,1,train
1.9628484590021087,1.0561651479532104,2.836149842985272,1,train
1.9741865983694513,1.6655854082330872,2.016021642802088,1,train
-1.3415366598262375,-0.6922947901518356,-2.1141075586644504,0,train
-2.0774875625224767,-1.9606684924038915,-1.9693129077340708,0,train
1.229539100977156,1.7217576423289054,0.9363504341783013,1,train
-0.9549375685700702,-0.229082835810554,-1.2510045460984542,0,train
-0.016822490411545765,-0.37690820025179506,0.9460171863660569,1,train
-1.614797837863322,-0.9629413285727351,-1.9658599902252902,0,train
0.8387366644277794,1.2279772233091057,1.5084190411339196,1,train
-0.3261289988235707,0.03596784825832733,-0.0796905254414294,0,train
-0.2822736410991913,0.4561251439068838,-0.4031320053827325,0,train
2.6669821521240396,2.6861170877164877,4.081976842323559,1,train
0.10117045414951192,-0.4420794373465762,1.2194096018801677,1,train
-0.8376811828113311,-1.1784670977506195,-1.4090814796569935,0,train
-0.8612203643401443,-0.7014722603346655,-0.3961734261662889,0,train
1.1537743239660312,0.791337158400043,3.1583270322853316,1,train
-1.046433377697427,-1.3857761988650206,-1.0992340008791774,0,train
1.3999377466385077,1.7818305006911583,2.590245337202341,1,train
-1.2462436333928084,-1.191631175427696,-1.3897404006810303,0,train
0.2980069444829312,-0.13393934302419228,0.4908837512360114,1,train
-1.1054600131984973,-1.2424681668862032,-0.6874888537356301,0,train
0.41708808887687665,-0.142892792400166,1.7153275962764019,1,train
0.8145477493350397,1.2778266332316643,1.925909057764323,1,train
0.09400781915074291,-0.10623536589921304,1.0709013158189389,1,train
-0.3693606119726733,-0.6261131493245273,-0.6914360951788241,0,train
-0.8410314521948388,-0.8583852225926697,-1.2422118133495517,0,train
-0.1560039159915971,0.16869120722250472,-0.510388454231912,0,train
-1.159208083479665,-0.5723706573410383,-1.7928531600244357,0,train
-1.313416093344986,-0.6797833183424203,-2.6951953187370785,0,train
0.9216504090472173,1.736804084638651,1.4807272780958731,1,train
-0.5270644065403797,-0.26929993213985104,-1.991670543217022,0,train
0.16324019933844947,-0.15303465543095818,-0.3019691717030502,0,train
1.6836925061609531,1.0497483185685679,2.277809729601365,1,train
-0.22533517958633367,-0.5280492168253436,1.0719012825653442,1,train
-0.3118197092510169,0.08894145011202878,-0.30149507857623914,0,train
0.7606868452293478,0.6334867714566258,1.5228468413761773,1,train
0.19206339623101587,-0.48516242664972875,0.02873242605099438,1,train
1.0579055023729986,0.5511880331523107,0.6990732869451992,1,train
0.36397531608004485,-0.04231479441668398,-0.640194356047229,0,train
1.5088567751579394,0.3899941817657304,2.564191569917427,1,train
1.4583494287474845,1.0991883606974706,2.1595285148409737,1,train
-1.9331645621103157,-3.2800956493934255,-2.822636176426619,0,train
1.8226660284050795,2.5521875836887826,3.1588099394917033,1,train
0.552280402639123,0.4726226332782618,0.7565479947441525,1,train
-0.5070934068522238,-0.617953641589375,-1.1847538393893136,0,train
0.837805905039363,0.19538563237711531,0.5452957868239472,1,train
-1.938221666424077,-0.8091858596712272,-2.5120772220484664,0,train
0.32208254791186375,0.44096494726343227,0.5649959124652134,1,train
1.1186709684700031,1.54537193215326,1.8834255305588776,1,train
-0.5944879437329462,-0.5566797964102808,0.2619754565723643,1,train
-2.0239194361815236,-1.4007157617556452,-4.047030300017135,0,train
-0.6968911146536323,0.11707625343992183,-0.03328753373093617,0,train
-0.491333581548015,0.09634293676452899,-1.007986772723384,0,train
1.4365578826696428,0.14034924187154252,2.0649601000109463,1,train
0.8875147874721667,0.8134169559870803,0.8932159338144459,1,train
2.0148923184481315,1.9525182183626264,2.8156882275551918,1,train
-0.41231070180351514,0.22384468189439238,-0.356248607077545,0,train
0.4373197370376457,0.6876993291464653,1.3849243385749292,1,train
0.7704226515350993,0.2620289859123123,0.7714357801042105,1,train
-0.5918730993751692,-0.46978679332780393,-0.18134846971029417,0,train
0.6102733959425946,0.17761593872535963,0.41946478380216357,1,train
3.00340611950579,1.8735372653458668,4.8560838685760475,1,train
-0.22986785624456352,-0.6012028984624631,-1.436542361606551,0,train
1.2199774085039325,0.6204807057814901,1.813751788948634,1,train
0.48408117371403175,0.33255892835277695,0.07144084445128424,1,train
0.7046206333407526,0.6886265485448875,1.2439523170925888,1,train
-0.5339927123343661,-0.9089235031153189,-1.4979594706732533,0,train
1.0539957176589378,1.3758674813517984,2.470449978225845,1,train
-0.22884340249413798,-0.1790596283798786,0.1480834990862257,0,train
-0.1361744347610835,0.14512782718195327,0.4048474089634688,1,train
-0.5467753157338247,-0.06173610940036153,0.13389976552381366,1,train
0.15598626347802014,-0.16788717183783972,0.799774792994181,1,train
-0.899263487617592,1.2988398668972418,-1.4269662209230762,0,train
0.9925450810105387,1.4273625366167617,1.3594544729343236,1,train
-0.7587711449633355,0.2738330578218322,-0.26646094631908324,0,train
-0.24863291598087406,-0.2465738330407336,0.0354154327455541,1,train
1.3210232628647347,1.126996693690645,1.511529525397452,1,train
1.590285162946908,0.8598836715637074,2.8851683848887983,1,train
0.8390694249160146,0.04691835293667318,1.2486854485806833,1,train
-0.6178378812167291,-1.6380932746712389,-0.08040379609855605,1,train
-0.030624448222742573,0.16607504625499328,-0.33205057634614044,0,train
0.5807645468352227,0.6262211995772169,0.8564779943121742,1,train
0.10363127426822026,-0.11172678653934544,0.2712674501915861,1,train
0.5464365140796117,0.6358058191497649,0.4354387997276563,1,train
2.1765265113046297,0.944464567118021,1.75105936726827,1,train
-1.3737555980998133,-1.3977642802691999,-2.0377692379698678,0,train
-0.1110205354657981,0.5910527899692225,0.37032949333758464,0,train
0.09724557754035074,-0.18804244758099056,0.28216634456180684,1,train
-0.20103389792144583,0.28004764841249286,-0.8108670981358735,0,train
0.2631513604783765,0.7985141362920014,0.6319033270275042,1,train
-0.5460757841646499,-0.7162392946290069,-2.0724698082210375,0,train
-0.10533295824000205,-0.6939586418405499,0.18265871275662665,0,train
-0.01003530465457031,-0.74975003679016,-0.13291406134381184,0,train
2.131214738327469,2.038968767985792,2.420228786106754,1,train
-1.3080622260885642,-0.8366580744527347,-2.7126010547812482,0,train
-0.047588246731616005,-0.3372194597770297,0.31175982039490274,1,train
0.98315340993622,1.610265892876059,1.70046761304547,1,train
0.360450793402214,0.45946033452668267,1.0872674095641974,1,train
-0.9305315701148178,-1.1720875629980592,-2.03572083350184,0,train
0.17822075168857632,-0.3633544792864956,-0.0858652556390277,0,train
-1.7779168033479404,-2.078695339947919,-1.8739088714510759,0,train
0.4239706420821773,1.039057388429794,1.4560439187383851,1,train
0.8409793505999059,0.18487964226839346,0.488116202336389,1,train
-0.6950220481708802,0.31162670779885115,-0.45350281401380227,0,train
-1.4751361016290818,-1.1600702601852482,-1.9277896839592517,0,train
0.2290015089263524,-0.07139246008232586,0.6939675288904821,0,train
-1.219005603859713,-0.7680025162809546,-0.4923329610958547,0,train
-1.3116597672078036,-0.9954790837262799,-2.479692901309086,0,train
0.09714045850106992,1.4284521497077525,-0.6532144034724908,0,train
1.2043372462439303,1.1646635747613934,0.6642615167673482,1,train
-0.8982102126128979,-0.11522182003516457,-0.36083618811966284,1,train
-0.848266357155487,-1.1766832157142966,-0.9328104094009564,0,train
-0.6231968155286443,-0.9158538445840225,-0.6239091917705324,0,train
1.5268539606939604,1.8555190779966408,2.4226221522981444,1,train
-1.1341133216636967,-1.5423060024476403,-1.5351046879526653,0,train
-1.850299826663318,-1.7345793853801281,-1.9187097547039969,0,train
0.7269350829059087,0.5854714425465763,0.6124586156376284,1,train
0.26941429625993824,-0.14595009814794782,-1.1330556254552095,0,train
1.0516101857126352,1.5099550520503504,2.384656680124277,1,train
0.40647384237303724,0.09905560990654941,1.0329947243709139,1,train
-0.6018200371854601,-1.1996302060697825,-1.082665395703444,0,train
0.9359143245356096,1.228129791814189,2.138534631475402,1,train
-1.835194504603264,-1.7325183619532285,-2.417722239416057,0,train
0.4352711969795501,0.16637334119261127,0.21362731920283645,1,train
-0.42575176887015087,-0.5655757374353236,-0.6437448028459474,0,train
1.5835446873908665,-0.062683188834881,2.5039986713462556,1,train
-0.3506624508824323,-0.7960222951045097,-0.27601264547502014,0,train
0.4534755169569319,0.17904825185050927,1.0443502488974403,1,train
-0.37221514460713956,-0.6470537449680247,-0.43949062051324395,0,train
0.23089302646100265,0.24033474062569626,0.4473330002266918,1,train
0.7807907534270331,0.2774898907087089,2.0503730240960647,1,train
-0.5974703214486842,0.011926877806198055,-0.33438226392352355,1,train
-0.8334086942221508,0.3824830051833271,0.30626571209539655,1,train
0.8998115264551463,2.417237042325531,0.8665635021318818,1,train
-0.2679206655052185,1.2366629141778658,0.4017542758942536,1,train
2.781752940027064,1.511825002450899,2.567160927191916,1,train
0.4275549201790146,0.1537006293043237,1.0527513953907455,1,train
-1.2117857955619726,-1.630199510356298,-2.3157148599813135,0,train
-2.2770610845471397,-1.8625241069508591,-3.654729066122305,0,train
1.6042031474496223,0.6474479717532425,2.37795623770282,1,train
-0.2671506182875992,-0.11815243215905236,0.6964601561965372,1,train
-1.207526781818394,-1.3956755306521476,-1.6327422337540904,0,train
1.6546132920606482,2.2637908323956575,2.9705472356183975,1,train
-0.3473423286016891,-0.27753632371008236,-0.8776650130753171,0,train
-0.8638926550045478,-1.0043865814007447,-0.18263849299087287,0,train
1.044661706453632,0.343305263127313,0.3066043065497588,0,train
0.028463720906667676,-0.5967498931616604,-0.033680867010240034,0,train
0.8198636234341568,-0.34756985014197045,0.28575356086463083,1,train
-0.05326373972675222,0.5830896931203822,-0.11190655916032499,0,train
-1.0466942336329048,-0.32364199560896784,-1.2248645948952614,0,train
-0.44663619105875696,-0.9909848408227875,-2.3774962881196804,0,train
1.1823580312833566,1.047391687559693,1.8132256942865939,1,train
0.8412664311928155,0.43820553396585016,0.2112955770695384,1,train
-0.5128455853535632,-1.0529783607176868,-0.05425854873133393,0,train
-2.9211603934623867,-1.8243937434744446,-3.4971620777680408,0,train
-0.26711183288068635,0.003457746063577294,-2.091056055787471,0,train
0.09648488446059428,-0.41930636886184525,-1.2010343891075566,0,train
1.1335619830129864,0.21260840651316604,2.0191193198414648,1,train
-0.19447693267718202,-0.2543920673675243,0.5746521412885538,1,train
1.5633582561262007,0.9128767378174437,3.774574733391061,1,train
-2.311966505613777,-2.29204061396044,-2.9975787909769056,0,train
-1.0525719894250218,-0.8818924981220442,-1.376117351560043,0,train
0.1782022829274882,-0.1407427061136922,0.6104255614950606,1,train
-1.028937631190723,-1.735349613311813,-2.1022133040009106,0,train
0.014689492898709341,-0.455756907949594,-0.6956399851836668,0,train
0.11804045618653433,0.7984000863546317,0.8202191584908588,1,train
0.6565061499052754,0.8746700435724906,0.4935070401363236,1,train
0.8475457915498366,0.8295505792799903,0.772061340927565,1,train
-1.4377270909988744,-1.9993152152625853,-2.1607226871641143,0,train
-0.7652780840888158,-1.7156827827054961,-2.796720053539395,0,train
-0.32789565890903183,0.15234070160881688,0.4620210024655871,0,train
-0.30809041277097604,0.5016104063479054,-0.3768372075967061,1,train
-1.0868128776782484,-0.3422956000787694,-0.04867855837463235,1,train
-0.841845221917945,-0.7724662433734356,-1.9752805308406314,0,train
-0.8393431781102028,-0.9564811226240334,-0.9052078893079777,0,train
1.2461175065146863,0.8618695937295761,1.4235706048150711,1,train
0.6544041572884254,0.19124741174503937,0.9224468900277181,1,train
1.3264483766602635,0.16651492287193906,2.0916479166835376,1,train
0.18951669603733315,0.4097555153240807,1.2614090491610823,1,train
3.0329498236488543,2.8496524880380045,3.199688465948927,1,train
-0.41931265906350235,-0.1398063511597914,-0.8258580057018902,0,train
0.39441593585688983,0.702139675707294,1.074418164021246,1,train
0.1798288495804528,0.1929222775755981,1.197093532937124,1,train
1.6898087425312196,1.6962966451938717,2.071975726013209,1,train
2.676723986300046,2.132259878722879,3.480244343663565,1,train
0.61407830917433,-0.03248005610528776,1.1167862517804488,1,train
0.08643117755175678,0.48850888921248,-0.09763621233770968,1,train
0.9498332783694807,1.0043642595947968,2.8297084977912235,1,train
-0.5851838451040617,0.24835681452579855,-1.1429945672280388,0,train
0.07714226421128856,-0.49395821118696676,-0.5652124833859125,0,train
-2.9838187122550863,-2.7046588385353827,-4.016704873886348,0,train
0.4634461164595399,0.1899308106794379,-1.1261484580183683,0,train
-0.7693051413479122,-1.3405220937853035,-0.5940037636939184,0,train
1.1059178462469395,-0.37818738994998974,2.157428472919479,1,train
-0.15076872470999275,0.012229022341894144,-0.2046013215749118,0,train
-1.2571023986447527,-1.015472001254967,-1.3758633852875508,0,train
0.29575121500408974,-0.6933706004856733,-0.46372110688852286,0,train
-0.2613764268539845,0.7911207019553552,-0.8911951889631278,0,train
-0.37354320530914653,0.037637972085236754,-0.4839965698772466,0,train
-0.20302908884251178,0.2681756056592895,-1.302970488245648,0,train
0.7326032715706101,-0.5134521472375451,-0.0909008262090828,0,train
0.6924149210554211,-0.6123212867469656,1.0655655187919884,1,train
0.42211935520720445,-0.08366770141608393,-1.5060074597069795,0,train
0.43954454872463367,-0.360579245865816,1.5264977641216406,1,train
-0.32699917266996614,0.521096713530233,0.5881292023015628,1,train
-0.028949151379209892,-0.5633596183273684,0.2974166388168722,1,train
-0.1705748163050363,-0.8530177632150316,-0.5504548586646986,0,train
-0.5101652423332796,-0.23970107330888873,-1.3528981587109046,0,train
-0.3640167233123657,-1.3269580443528037,-1.0153019215171224,0,train
0.11304141810286165,-0.24454892329412414,-0.5378294571469626,1,train
-0.28064447258266695,-0.6016322399972667,-0.3579577802111902,0,train
1.1052111106489817,0.8677519313307487,0.8082237322486737,1,train
0.6011380602721038,-0.4279493562511943,1.9375239059005547,1,train
-1.029164411114838,-1.1872741033182472,-1.756474973085354,0,train
0.12479905880767583,0.282001966734184,1.0170107095706453,1,train
0.039321864851997956,0.34503504501301063,0.2583721083912736,1,train
0.2366972300114791,-0.09759598747492226,0.6660669348898842,1,train
-0.6728248311289984,-0.47565744766467405,-0.27770400664223927,0,train
0.05725273907786535,0.19261117876514242,-0.43238334136724577,0,train
-0.08412902733008992,0.07628535448609292,1.1724655459789275,1,train
-1.6125161298712576,-1.2409403937228582,-1.505293200297103,0,train
1.0254815378798938,0.22917801521017267,1.3928109087391056,1,train
-0.47716422262053715,-1.189664584606848,-1.9898988550715708,0,train
-1.1483679914540519,-1.7706681856341864,-0.5389986946725722,0,train
0.05317332897920701,-1.4083202700988506,-0.8925898727596179,0,train
0.3258489242713397,-0.3727194026987788,0.25280198594825015,1,train
-1.3552155631312253,-1.1034401148434947,-1.5051055072384332,0,train
1.1267026226714045,1.5861972732940304,2.1739296219345383,1,train
0.611618927689671,0.6373136480968045,1.6524654944731076,1,train
-0.36471837533208656,-0.01086939575126139,-0.188701373737986,0,train
-0.5511117881420924,-0.7500567514861377,0.05520867974047068,1,train
1.487956909824513,1.6660771734769872,1.8234604647510457,1,train
-0.5984704670207975,-0.12430520042996021,-0.1866201473896799,0,train
-0.2906024276595326,-0.14764057649248497,-0.39716514447783285,0,train
1.2734439509761106,1.3754363157971257,1.2346919570504842,1,train
0.9097387061230097,1.5012813856950888,0.866892461155718,1,train
-1.003110351509709,-1.1654118084872371,-2.3271265279735833,0,train
0.4806713755121503,0.8761780170083273,1.3424376603462649,1,train
0.8330133285248866,0.5234065571278279,0.09932084680095432,1,train
0.38384315832581933,0.4863961811913891,0.5813465651770202,1,train
0.6575107112706101,0.19111200294295527,1.3244492936663455,1,train
-1.3563317812805633,-0.7572053907642843,-0.1219458474549516,0,train
2.155124164478584,2.5681709517060054,3.0661921414728472,1,train
-0.5427091259245997,-0.28918028153910535,-0.22400799762851184,0,train
-0.9083188712755605,-0.9015967408914284,-0.7773467043044083,0,train
0.07227424166743435,-0.5004083481775017,0.10661872161386898,1,train
-1.9699758677269181,-1.4176422737545402,-3.3948229913550443,0,train
-0.7422228241556965,-0.6409045230615016,-2.0061096107903005,0,train
-1.5147867636204717,-1.599254410962577,-2.320004088148334,0,train
0.6442253509923689,0.30603720895600717,0.7779178647405482,1,train
1.470293981389467,1.2859262149476114,2.922409804539236,1,train
0.1475975496648509,0.39462241614141186,0.3796430683099048,1,train
0.6324923409285229,1.1137888463955128,2.779734240725263,1,train
-1.2655443824284591,0.2833790771337596,-1.2961208474945791,0,train
0.550983196099717,0.9471718966344203,1.7060466687034241,1,train
0.0609605560308166,0.3118837245750101,0.531864330841282,0,train
2.6664997572952287,1.7409847298331174,4.115404806646696,1,train
1.6896546257818172,2.3608183809134395,1.7235943782898355,1,train
-1.1174962029875208,0.01075850418612434,-0.7257441081394771,0,train
0.05287090032015329,0.03906523111638507,0.10392757856874535,1,train
-2.36278634909351,-2.006578312469258,-3.3451573154138567,0,train
0.21636510431848788,0.5163665531888815,0.43403332189584765,1,train
1.5058849468934217,1.6780992201621914,3.9909747717336477,1,train
0.5532366350328549,-0.33979529456005164,0.06953002450932522,1,train
1.0982348822119556,-0.0004337120077212431,0.24230285108199776,1,train
-0.32717279615245276,-0.21770042514688887,-0.30531341291337055,1,train
0.8559205687510663,0.561006696924321,1.964775385927694,1,train
0.020008918461522085,0.157924594443121,-0.7304907004393768,0,train
0.9749041476409513,0.5401652035068574,0.5094786190459908,1,train
-1.076787153335881,-0.6450158764277436,-1.7358726124507917,0,train
-0.3640020779388597,-0.42405784788905765,-0.721270520409607,0,train
-0.6048204106530396,-0.22758418035664907,-1.0325319879319068,0,train
0.7032296202318704,0.5651875897768469,0.3074254793443251,1,train
-2.7826016371054405,-1.8404492870910452,-3.4340138843926846,0,train
1.848540863724824,2.194066445285268,2.9502525093147427,1,train
2.0911248050365763,2.0021805813774516,3.33166920498927,1,train
-0.2617055504970525,-0.16291369232542932,-1.3853411438880683,0,train
-2.2742359426975787,-1.6854160126892836,-3.0026105489571773,0,train
2.005489724294025,2.027708256155643,3.0568398444876226,1,train
0.7954577060161692,-0.153287441557606,-0.9507353437246127,0,train
0.2686147289641022,-0.2828440760639169,-1.39594923271149,0,train
-0.4706350760960214,-0.08842682139867135,0.21221194648419703,1,train
0.08810216624951706,0.017411200366152686,-1.0039032393492973,0,train
0.8066006575679029,1.537605715300128,2.3935595544375925,1,train
0.19636265417013365,0.9796716725310953,0.038179407069249355,1,train
-0.07878733201173907,0.15874461168117934,0.7034896810109758,1,train
0.901633201074804,0.8299131315822044,0.5800427809470294,1,train
0.47579111116885,1.076946865579657,0.06941067877939319,1,train
-0.9214858492137321,-1.1034247241719366,-0.582724201960347,0,train
-0.006344544715909117,0.17556612835814586,-0.6258801145897132,0,train
-1.1963074979475468,-1.5338831835278457,-1.0900524862489236,0,train
1.098445794658482,1.0218730543324939,1.6356718625955238,1,train
-0.3208769933420775,-1.3814463728851387,-0.4027511028066286,0,train
0.3738912372529325,-0.1545305729757775,-0.8062078241143089,0,train
0.11368080367661137,0.7917012277520318,0.3195164379896986,1,train
-2.080692094594826,-1.7504371908549332,-2.320729360793326,0,train
-0.8617002302151018,-1.0952999372250956,-2.1351359808725716,0,train
-0.0029160080237208286,-0.6602554000593155,-0.7155318416300855,0,train
-0.2036512261323179,-0.6256773440544019,0.2064580384282993,0,train
0.428562944180132,0.8292149003516766,0.6291281572700497,1,train
0.8789583925480131,0.7114952472268244,1.428716984983222,1,train
1.1630561695589476,0.6831458005927555,1.750378861084174,1,train
0.8962319242928838,0.6387227107832689,0.1577432173170733,0,train
0.29389612346684046,0.7962545742303014,0.15166481385369576,1,train
-0.8782471520460411,-1.3344139016579077,-0.8361587907494934,0,train
-0.32884375170957286,-0.05498009889410657,-0.3731950937200369,0,train
0.721440451259352,1.4985098909762908,0.9192162316369921,1,train
0.15416898503518384,0.18891875120409346,0.8515354635909304,1,train
0.3854440253825821,0.9224625543057441,1.8151465174362258,1,train
1.974260060913779,1.2922457663569349,2.9595496547396305,1,train
-1.3879362348624373,-2.880985603302434,-2.7205111085642724,0,train
-0.0491368404225781,-0.4656812183692026,-0.36804580760404215,0,train
0.6990841211656971,-0.5667956702604995,0.46160092436158123,1,train
2.710867990855772,1.4816410160377176,4.033252637395037,1,train
-1.4866907761314432,-1.0041269767124326,-1.9222045723715526,0,train
-0.8725201093040025,-1.0554348631743617,-0.8668492735013829,0,train
1.288938338294319,0.8652897277488436,1.938294718281337,1,train
1.3118416295788207,0.9503141475251728,1.5437218490094133,1,train
-2.068419821351032,-2.435951464130731,-2.689520734949122,0,train
-0.7296392420580066,0.08593138938319123,-0.5370480102421504,0,train
-0.2291822783578717,-0.15444150651719366,-0.9291762644685735,0,train
-1.1570101383261644,-1.5603169807234003,-1.4006090038840353,0,train
-0.3822702014009648,-0.32716985826116407,-0.9165964717537592,0,train
1.7719504511744915,2.2481512233044327,3.9911756361391557,1,train
0.20002066276516228,-0.05110005607805547,-0.6000807173005627,0,train
0.6057733741407169,0.19878690131910487,0.014907488732184754,1,train
-0.24737746790071408,-0.3139734210626659,0.003363400147976231,0,train
0.9420876930986702,-0.3682367058045364,1.6398496886826615,1,train
-0.5345068227250753,-0.5037195240723205,-1.0455507445076964,0,train
0.2728236784842934,-0.03160911764250504,0.9759092404728401,1,train
3.1603696348810875,3.031287680463404,6.063248428683559,1,train
-0.34752678931920367,-0.9336821894166507,-1.1594784727462895,0,train
2.0202353689630996,1.0559671892651699,2.615941239756468,1,train
-0.6135821862260211,-0.3594620727048564,-2.071455284275861,0,train
2.2456116441449043,2.30001177274941,2.79206293547831,1,train
-0.2878001341865078,-0.05700123166876924,-0.8440556599900734,0,train
0.31452830285828154,1.0632886158114936,1.3740692027803645,1,train
-0.16634170461588435,0.6065165013139663,-1.399659755324894,0,train
1.5688841784735157,1.3807158243929991,2.2473957875833612,1,train
0.7206054204435783,-0.3287000740541149,-0.5639472707642694,0,train
-1.031858405511132,-1.3718380625920266,-0.9424183730934133,0,train
-1.8791269160872692,-1.4054637683692004,-2.6865187413849645,0,train
1.569910256495021,1.4645643346694481,1.993646845474564,1,train
-1.5901058203956433,-1.3827689701063535,-2.671489578488278,0,train
-1.0462373200564246,-1.3858634123706857,-2.4377676767573,0,train
-0.6069383433914018,-1.5027480028962303,-0.8809690172517219,0,train
-0.6628242853924111,-0.36626980265544234,-1.229812100257594,0,train
0.2156391065212936,-0.4751858182758145,0.4358766761407821,1,train
0.7501019320656739,0.24362037302570977,0.6924555968469013,1,train
-0.897263685470818,-0.8285202238314875,-0.681979356453799,0,train
1.1459624165498705,0.9083828555920097,1.9753763196236183,1,train
0.2166302704368972,0.7746525385458276,0.9140090459737029,1,train
1.123104969166737,1.0901310999151317,2.181618770955735,1,train
-0.4182625496242679,-0.2696795771824732,1.242882788181573,1,train
0.20420732397795294,0.5675272705284827,0.23437647969667902,1,train
-0.5253145546834123,-0.35223627069311353,-0.376070005920378,0,train
-1.9535567920819252,-1.5695218109729419,-2.5944234814628713,0,train
-0.86975215425401,-0.29173119533591235,-1.9583890806324369,0,train
-0.5055884422470416,-0.6569208724582152,-1.0980444313346511,0,train
0.26438476053930415,-0.024082196953852768,-0.27768902057121314,0,train
-0.11262971654528112,-0.6931300610294252,-0.07406908610718249,1,train
-0.3277213860846636,0.14231426093195665,-0.9403415349999774,0,train
1.3154634575374862,0.7184858155875214,1.1220477429293048,1,train
-0.6631126908153425,-0.03645722223556337,-0.6922849305820757,0,train
-1.0214069520622995,-0.3981131639930278,-1.2204801436476798,0,train
0.22239269094030234,0.46300882271305865,0.5310957711035195,1,train
0.9059358447634314,0.3319387770328875,1.4318203956987379,1,train
0.21666691349382328,0.6591988940445355,0.6338894980210348,1,train
-0.7380629168244137,-0.32892719103077595,-1.6013720294653122,0,train
-0.1282258280563911,-0.5153365963267919,0.8940736236289293,1,train
2.7561106157528847,1.7723796037511217,2.554689686154042,1,train
-1.3769678345954643,-1.4154858934009562,-3.098746172193416,0,train
0.05454010145702004,0.2354864671597036,0.007925861986156468,1,train
-2.373665289832476,-2.1572724834682693,-2.9298807343037763,0,train
-0.7269055990527707,-0.23542559786869716,-1.6051435258242233,0,train
-0.47766844738656583,-0.15882144064977413,-0.6884991615325633,0,train
0.37079862016229354,0.36296853930312145,0.9555472677174311,1,train
0.6264630027986816,-0.9089766711588687,-0.29009514941780423,0,train
0.8261692088883306,0.4243919641443352,1.0114330021472053,1,train
-2.6238945877251134,-1.9480460741409438,-2.672417612451501,0,train
-0.08732168144075447,-0.15691176797960243,1.065822706055453,1,train
1.1975858708691478,0.6802659101855271,1.2429132873209112,1,train
-0.24994260109319855,-0.6903148234550035,-0.3011153245188263,1,train
-1.270919287682008,-0.4527838657764454,-1.3096213087310797,0,train
-2.1573035962948968,-0.9784511174443818,-2.493421237363974,0,train
-1.9509231744046227,-1.4355820155955636,-2.1885484653178673,0,train
-0.2995819586399573,-0.15387113843067088,0.26343849821498105,1,train
-1.0715849299645814,-0.6941482960106594,-0.5507832832400484,0,train
-0.8664770641592383,-0.09251917031789379,-1.5226717080136303,0,train
0.901802917585957,-0.7962189555967958,1.0220671918932416,1,train
-1.7688512847638669,-1.0528129139773375,-2.281713695880175,0,train
0.7232201703613069,0.2670600492718649,1.3384801012189638,1,train
-0.03092785429228534,0.6622686007937332,0.6196508282453521,1,train
-0.23023944546372307,-0.3793749277166522,-0.4786494843508387,0,train
-1.4344796500410668,-1.8206644520221298,-2.2197949685089875,0,train
-0.22467831504887165,-1.298758567980809,-1.4353916168340506,0,train
0.7130889817387571,0.31015084059249215,1.142509239323031,1,train
-1.7050186927717446,-1.2198421122797551,-2.9961683859057184,0,train
-0.05785240977608816,-0.38539107011566787,0.04534274743998851,1,train
0.05488923886466798,-0.5482722317994981,-0.6842229681299808,0,train
-2.7841355958859952,-2.52881931806342,-4.097984675489658,0,train
-0.644544573074832,-0.8984672499965148,-2.155379283002406,0,train
0.725538238868668,0.5419107610466934,0.1814190338555211,1,train
-0.7419219802583222,-0.4762620566817787,-1.2037780686384827,0,train
1.108726788331969,0.6545665501019149,2.315525164583939,1,train
1.0256270265835803,0.5280916655687926,2.0841864117579396,1,train
-1.3721895693783792,-1.3875292027994726,-2.796973465067487,0,train
-1.8585063402025457,-1.8471102768362584,-3.447548409319772,0,train
1.1066117749464999,0.5797115390289198,1.2945032044767637,1,train
-0.15717454416933757,-0.3801193256129137,-0.24562204803550358,0,train
1.426547309589056,0.9009623507646263,0.6908018974577498,1,train
0.5955199805335413,-0.27915586730018743,0.5269767397430914,1,train
0.17709337594308014,0.21427670668642262,-0.01406458619353021,1,train
-1.0659527051850626,-0.6719292106881115,-1.482702077593709,0,train
0.7175849604209303,0.07124993342259012,1.5739983455500397,1,train
2.252244082976129,1.7610968226576063,2.7710232376173916,1,train
-1.1808637277573006,-0.9565087515953337,-2.0558354634930587,0,train
1.5154993944949866,1.6296893539052086,3.574630622931241,1,train
-0.41211040132220556,-0.37009030275983623,-0.7401697083669463,0,train
0.22178205600657158,0.6073562204334507,-0.8832415232125204,0,train
-0.14886228667679913,0.09924447073451881,-1.3917391555753604,0,train
-1.1547296909835367,-0.19532558599566993,-0.11507402251993348,0,train
2.0777239903164726,1.0836329625029406,1.3196401443889463,1,train
-1.372874817954249,-0.8231093604864018,-1.6523215080157272,0,train
0.10436474805289789,0.43270175603048405,0.4387523865293169,1,train
-0.29718779738492673,-0.8006741983051504,-1.5394029241903082,0,train
1.8981630587071683,1.9293104636889238,4.149515564328062,1,train
-0.5166837673823107,-0.31435147217529913,0.5733612639435787,1,train
-0.9640788149738092,-1.4221342805084503,-0.7541600930581949,1,train
1.0406044681991569,2.4140779924640685,1.743565565655339,1,train
-0.4880060852988697,-0.8117423040447301,-0.2611801965044186,0,train
-0.8203928722029022,-0.8677709969332212,-0.24888705669402064,0,train
0.3039449800155296,0.38054959474301575,0.7198825183754157,1,train
0.4302282188396927,0.05285574453849583,0.5476948613760032,1,train
-0.06252480917383861,-0.24678164146544337,-0.04896359016437821,0,train
-0.7183832614705671,-0.6393965198786763,-1.7603779768138978,0,train
-0.26074952128015755,-0.281363334850714,-0.1631407221340389,0,train
1.071152564078672,0.9200173428045559,0.7916726636868847,1,train
0.023250232176528184,0.6669599265422534,-0.02003823109614776,0,train
1.8836943823629313,1.9659688050552926,2.0516944848659344,1,train
-1.4162605927122174,-0.2651748598326917,-1.8441595520500222,0,train
-3.0816036065643426,-2.3897285467873544,-4.217201933614116,0,train
0.3253600599081611,0.5832003920191806,1.1241032693288031,1,train
1.3367812052748584,1.7881911692008157,2.945846076244279,1,train
0.12451064607206891,0.3555898898721211,-0.7680903145760558,0,train
1.2729899546458665,1.3839839771452962,2.505544581796578,1,train
-1.6168318247121503,-0.18403745067794575,-2.1644291726279548,0,train
0.1066785603755952,1.0414221766379594,-0.17556329331058274,0,train
-0.2726221781822237,0.12941425794355632,-0.5584289954479141,0,train
-0.8536649330386595,-0.31044257332178105,-0.940742444559078,0,train
1.247439561691232,2.406027006330967,2.5786327352972185,1,train
0.028804243726467116,0.33403866430320317,1.3159362243751467,1,train
-2.6777335302660323,-2.3912180828162004,-3.142519884046516,0,train
0.6736143996348032,1.0393966220707216,1.113170424268927,1,train
1.3824632640226784,2.379918696879864,2.8989060418613852,1,train
-1.5220311798936665,-0.33700284463862,-2.77901134174107,0,train
-1.8961808182093385,-1.6297976182151543,-2.214656528391752,0,train
-0.7366512994671048,-1.1748736480029964,-0.8232504383038222,0,train
-2.011092219488363,-1.5734321244808631,-1.9194324405949956,0,train
-0.019663298870155776,-0.4576204774080034,0.2061892352283075,1,train
0.0973472215381755,0.2082527783724349,0.31690060668983133,1,train
2.135837757616267,2.672471669144719,2.2721812527048124,1,train
1.8136196313621853,1.714598630392258,3.000988584744028,1,train
-2.3330646755496995,-0.6135093670635718,-2.9518021452363934,0,train
1.1949964003784026,1.0000128088269618,0.9701327429262686,1,train
-0.04668849073325787,0.9089156077246736,0.43103151246312144,1,train
-0.07299302164895385,1.084935763901303,0.3569769363435811,1,train
0.7973085478686648,0.9097388656055767,1.6693171400418756,1,train
-1.292366570297272,0.14086001082118468,-1.2632846767140946,0,train
0.035099787239402463,-0.12369380128676813,0.7448896749899472,1,train
-1.2098320219503818,-0.6673874828602132,-0.5200955773734046,0,train
-0.6869035520718607,0.4253611527198703,0.0017039088472814573,0,train
1.4532307960412396,1.8128401873587279,2.7412326412467998,1,train
0.46617179251518126,-0.3264378213325634,1.4527742633460539,1,train
-0.40019751913969237,0.015712853518122332,-0.5888788439156947,0,train
-0.8706769918466872,-1.286156962126678,-0.9076529759924892,0,train
0.5223342367846624,-0.08128643726135851,1.13811827148763,1,train
-0.3238674435666653,-0.6342717284068343,-0.3592243412263201,0,train
-1.655246846624392,-1.897681125616456,-2.070867390681722,0,train
1.0195457974072963,0.841267082141148,0.8499515634097647,1,train
-0.7346104950121188,-0.773196314457814,-1.6684027632440552,0,train
0.20644113252175902,0.3891984184024325,0.4626817553640959,1,train
0.5601536842930573,1.0519692560338343,0.19839304941531088,1,train
0.25426705098812763,0.45266031967749004,-0.1857198532039096,1,train
1.0976428805045726,0.21630173933027813,1.261026282859863,1,train
-0.2601729315352099,-0.8013298685003302,-0.3282412382055513,0,train
-0.06987464543332367,-1.9562031646579756,0.1703016325711757,0,train
0.577004684487787,1.213039095748062,-0.18514202076346278,0,train
-0.16275647878343802,-0.09522158221756508,1.0386177532682215,1,train
0.4038651808647362,1.0308817107762385,1.6834678947664967,1,train
0.2789101080429619,-0.3153726814589016,0.05469702590321446,1,train
0.1833371027429039,0.17845959597657385,0.7977922956209889,1,train
1.3942778261597728,2.509002552617127,2.068663006803408,1,train
-0.8999643450013088,-0.25307190325604056,-1.3348858710720857,0,train
-0.17616158818493954,0.5057208052251051,-0.5064539489214444,0,train
1.2259133090769123,0.45694541718413056,1.6076895087134346,1,train
-1.0067360945725297,0.052811526992142366,-0.6069102959211625,0,train
-1.1733965013792462,-0.6854129740639947,-1.8252051867840533,0,train
-0.9458558185165418,-0.8055936710322833,-2.1296639401376907,0,train
-0.6954537775599652,0.11174084467723905,0.5723239033134914,1,train
0.9609061149666079,1.3719015184933563,1.404562575690278,1,train
0.2757150955636879,-0.01668268444855707,1.463828076940986,1,train
0.9968101915440454,0.18660013671059134,0.419986251485356,1,train
1.3430009720831055,1.2855901250512387,1.6028053238333153,1,train
0.8061308736426284,0.8231558345362062,0.733552605442315,1,train
0.8485831593079604,0.9825936571556529,-0.1988786544266249,0,train
-0.18960818782718028,0.15628456409360714,0.4434790100923752,1,train
-0.2299486615300868,-0.3200086958599211,0.7921591852212708,1,train
1.1949113433285006,1.4459631346149304,1.8719599455583065,1,train
1.3556120275454904,1.5951086666311538,2.9134581064160225,1,train
0.288352786772681,1.2690676906259588,1.5996313921713101,1,train
-0.40008219734681816,1.0617691154071,0.06378170466865166,0,train
-0.2656436390278608,-0.35785963598249626,-0.21771378189043084,0,train
-0.2011794629772973,-0.513061935017888,0.17814657549755328,0,train
1.4905150031750496,0.7056432890900004,2.209571305417279,1,train
1.7487445893801343,1.448590779969638,3.2767951706818317,1,train
1.2694419881874706,1.0059696898408856,3.0867918151395437,1,train
-1.8958882856832637,-2.534873746165676,-3.636328915255645,0,train
0.3552854136931264,0.7585877434904762,0.9579745968720554,1,train
0.6709809349321215,0.15241423311248387,0.12561204033460813,1,train
-0.45526140943844623,-0.2877831682891012,-1.2253644876993823,0,train
1.2517948154227891,0.9743298684076107,1.2687425190011332,1,train
-0.7911759019468929,-1.0057629937669694,-0.8060919458188633,0,train
-1.4385679071952844,-1.4396641057730843,-0.8974946885867177,0,train
0.06353270750381818,0.3810706361519315,-0.9056014508202226,0,train
1.6296087802939674,2.328586669198757,3.140806543553486,1,train
1.2798659171571132,0.29440740034373064,2.027210921408245,1,train
0.576439681249528,1.812305162910152,1.2477509351696385,1,train
0.7299867570726639,0.7526418587931846,1.4356190752020228,1,train
-0.09397130006770796,-1.1999520942360484,-0.23498224439064702,0,train
-1.5142520749735813,-1.5367305318352178,-1.4739970108378202,0,train
0.5733817804201258,-0.36492849899448077,-0.3406113816891073,0,train
-0.09824510355889005,0.06925396058717093,-0.13646786292392704,1,train
-1.605090846013683,-1.3088200853356886,-1.8624215756221256,0,train
-0.6693434510125876,-1.921744023125132,0.09618933147722201,0,train
0.8196639217241758,0.7852347513062843,1.7903382108795656,1,train
0.7823230058297005,1.5567988870996137,-0.1948667494181092,0,train
-0.7134290608960091,-1.6553951414513104,-0.8733859205191629,0,train
0.4492030195626827,0.9528692679627234,0.5751336325005879,1,train
-0.7602932397551717,-1.3016099125902956,-1.2833067257851059,0,train
0.5230993533909314,-0.1612544150934868,-0.3195261031626688,0,train
-1.5143784102980564,-1.4472025790554044,-2.1282475952639435,0,train
-0.2166051028339227,-0.3549462957993692,-1.0522765454282603,0,train
-1.5964176382997577,-0.7006551597168591,-1.2256277955866008,0,train
-0.1681126690291023,0.2198389056667552,1.1265705349047102,1,train
1.3859133321712966,1.0970113544719178,1.95044966802511,1,train
2.317959224009138,2.9751430451854546,3.2895686983186705,1,train
-0.21623560360617872,-0.8689338248477895,-0.22307735144373392,0,train
-1.4961717999230766,-1.2811351437614027,-2.1337257691639158,0,train
-0.8262555745393297,-0.6951159271084715,-1.68383583554415,0,train
1.3014093575620418,0.6101484593862428,2.1180128650730747,1,train
-0.810706849425979,-1.026363526325753,-0.569085072295406,0,train
1.3591624192206628,0.9515002181481116,2.0476980918025935,1,train
-0.7924149282282332,-0.09785121994655016,-1.5720138859031278,0,train
-0.7510818055109707,-0.6083739775115163,-2.2159698832352905,0,train
-1.2999462059212954,-0.16204464651633585,-1.044423841800262,0,train
-0.0021908638205915543,-1.3454062903397008,0.38226960527351483,1,train
-0.12994891694098124,-0.09483272828974418,0.6556544539004403,1,train
0.3516743775782899,0.5950752459368462,0.6697566195697526,1,train
0.05137138996859193,0.31062109475669325,0.6205810706097373,1,train
0.6989199843759308,-0.2603555237161445,0.8852316161734403,1,train
-0.3601714944873948,0.7087803210318142,-0.5346109041860321,0,train
0.45246464843234546,0.30399727025391343,0.8814281542075646,1,train
1.1330041745241606,1.1675452748784407,1.5977652199099186,1,train
0.6109089307328903,0.19954139473296878,0.6738948508851972,1,train
-0.4443937577170159,-1.4083346517604454,-0.9154430686236311,0,train
-0.3658769962390981,-0.5532907014856935,-1.1173214443860466,0,train
0.5634622739072044,0.8724004863510217,1.4015807973693195,1,train
0.31901649899754336,0.23777550880612675,0.4663703640841997,1,train
-2.5595978996491837,-3.5053668272732743,-4.160181079087901,0,train
-1.5393244032608528,-0.8657835852206526,-1.6205774054178597,0,train
-0.646501527471256,-0.4471392133447048,-0.34239941208542934,0,train
-1.2676509555313211,-1.1965906121265555,-0.5658514471051452,0,train
0.2878937548024519,1.0678999177367168,0.7784363951293469,1,train
-0.8543145330193513,-0.6658443010029553,-0.645051013603018,0,train
-0.45959799509502647,-1.7401675972044361,-1.1461772778216828,0,train
1.2947037707933249,1.523761964650872,3.002733153416419,1,train
-0.9355007432991908,-0.9143159977772213,-1.8433926257403173,0,train
-0.2436985833780434,0.09097814731618983,-0.5897414190865166,0,train
-0.5281571146947202,-1.1563227197139976,-0.27362388609142296,0,train
-0.6204028267785543,-0.3972215665443449,-1.0556183382478699,1,train
-0.5721181216202886,-0.9683775970207229,-1.2770009084250133,0,train
0.589953145072788,0.5058084790205679,0.5783488406223413,1,train
-0.0710296357488549,0.43021543479295066,0.5737563402220343,0,train
1.04341433864968,1.2782885803646604,0.8956640127394622,1,train
-0.544605520727493,-1.1789479970311816,-1.040495773547853,0,train
0.9250139810727693,1.0646343292630958,1.9881827590729058,1,train
-1.8918631134699866,-1.267413297049449,-2.4499678935957108,0,train
1.3397592253937671,1.1254059533223768,0.8822625011790932,1,train
-0.6427883070404035,-1.6980296400414088,-2.7040190750539685,0,train
-0.456212988499418,-0.16029833782684294,-1.2461783879845,0,train
1.559632193357558,2.3167752681417215,2.300869523937527,1,train
1.5993235638693273,2.3948295607981303,3.2336560890890595,1,train
0.11713633593358508,-0.24454178173522442,0.771785855137434,1,train
0.9267161643899169,1.2613602388166085,0.042450416230740584,1,train
-0.4127531452784249,-1.0235141369786245,-0.2756340888762487,1,train
2.508466000394865,2.2336647728976087,4.170061804168006,1,train
-1.5661145860783852,-1.6399248065985212,-2.6985032135068643,0,train
1.0728889554145826,1.625732156891293,2.7447950415782163,1,train
-1.5585194508568758,-0.7169574409343974,-0.24411810905799564,0,train
0.5982253940790443,0.14485134366751634,0.673206471535803,1,train
1.1250591126383225,0.8368655129545444,1.1121074419340535,1,train
-1.1382222154691388,0.42002173670973203,-0.7227907758584607,0,train
1.4555403043033042,0.884540038495165,4.0323518146062005,1,train
1.5062712396372766,0.4202404875072975,1.9579859484619182,1,train
-0.0010598909302536041,0.30169410659646034,0.46874846356387556,1,train
1.3772986689201787,1.6489677332511872,1.1792300636951063,1,train
1.7130411351364254,1.1610559914251657,2.6946352423890647,1,train
0.7619933139056346,0.37088265228681355,1.5850293082760945,1,train
-0.35293345604508986,-1.1727125497043085,-1.4279556100406292,0,train
0.7568069276475402,0.11600226854432194,0.20707207171234449,1,train
0.2131478646061517,0.40510817505616614,1.0494754924747292,1,train
-1.307599546536963,-1.2267669609738219,-1.713770709910714,0,train
0.37853558683904587,0.2710041725436452,-0.10398536238817088,0,train
0.016833348776645107,0.9367207292786235,-0.20040308521142058,0,train
-1.1922046282187218,-1.3016198835543873,-1.3554589878040189,0,train
-0.32740177382286123,0.02666138630005621,-0.2560789955520958,0,train
-1.8055068810741324,-1.514531048983576,-2.720295855122496,0,train
0.0896922173705067,0.27660234345077495,0.7071489729092424,1,train
-1.0563812983911958,-1.490927616141403,-1.6403018900170983,0,train
-1.441536490602042,-2.368881053248653,-1.8491449948515966,0,train
0.9498791577008657,0.5980200167771859,1.5325790626378708,1,train
-0.7104932070480524,-1.0231289524963552,0.30022015026020554,1,train
-1.7374124322702356,-1.8540123149482102,-2.692499457896697,0,train
0.5896595005708469,1.3292841861264715,-0.7680985444933559,0,train
-1.9539469732764116,-2.9684697471554293,-3.2607030192248563,0,train
-1.6470452728272857,-2.2184605211266595,-2.837797135963453,0,train
-0.024774577327999175,0.42249001115790674,-0.6602595784556795,0,train
-0.6577534896847386,-0.842623331198081,-0.4995924912635922,0,train
0.32002025746528007,0.11096893311489993,0.47144372428163384,1,train
-0.2767759917985242,-0.3940823496493168,-0.5148687692848762,0,train
-0.5788667019017811,0.3161463994977841,-0.6831439846649936,0,train
0.46328738373005424,0.47063993595288334,-0.0043489573958599426,1,train
-0.7078324654167253,-0.3456365923782212,-2.1920323619240385,0,train
-0.8205977501230879,-0.4683987293342349,-0.9615356388359313,0,train
-0.4566555111652229,0.05762439733431973,-0.9429014011872126,0,train
0.40751362884671893,0.1064130669269284,0.3670046842701504,1,train
1.0027641714662279,1.671093738619683,1.8934786970218491,1,train
-0.6721930514725123,-0.3023476163617908,-0.1153855332133453,0,train
-1.3115141985094922,-1.609198543074833,-0.9682158582919925,0,train
0.31552667190102895,0.013931423875946466,1.2315881198525094,1,train
1.212960086045858,1.7133866479682254,2.2314707286497297,1,train
1.2538148681037544,0.21890388449070505,1.1162005907647725,1,train
1.6685569860101364,1.2306084141369615,1.754341073493326,1,train
-0.13112981100527785,-0.15635635754506677,-0.20329335711849372,1,train
1.2218348767952034,0.7005571331909896,1.1674924144862797,1,train
1.321137723931686,0.7107578795929999,2.2089517124634934,1,train
0.8879227619408345,0.6944825470134655,2.106410112510342,1,train
1.405027229655076,0.2956324705210365,0.9677456944635452,1,train
-0.649197175844447,-0.6498470928577842,-0.6610036176049953,0,train
1.015612334806949,0.7894530272552581,1.3407727707157795,1,train
-1.2615900480038227,-1.5133407980885991,-1.752645355316033,0,train
-0.6063320142019942,-0.3087462536690605,-0.3735123315663585,0,train
-0.9948351472915724,0.1952554540207655,-2.251019662433329,0,train
0.8747720617157904,0.014422985578174754,1.1197542823218833,1,train
0.6395310705851884,0.6049860617726546,-0.3477168241240667,0,train
0.5242881739399878,-0.6357534628960353,0.1170706029270493,1,train
-1.4190963201493518,0.10965992144774189,-1.7738145209660061,0,train
0.21776445763738428,0.4605547900450101,-0.04996933967377256,0,train
-0.5452227479800241,-0.5409411348709783,-0.4536070114553021,1,train
-0.9174526136013219,-1.1277345329620296,-1.8555518045612687,0,train
1.9536315366379111,2.0336345492687524,2.643477567524548,1,train
-0.4287358638267984,-0.5680644846959801,-0.9024802590469335,0,train
-0.07266523890612137,1.1039428243194906,0.8686799250800034,1,train
-1.0629525413521603,-0.43318545464542313,-1.0815722075485068,0,train
0.5402835380075337,-0.36972927915207154,0.8071635551515679,1,train
-1.4029339647242631,-0.9405962377708836,-1.7467608143123246,0,train
1.0492848052780053,1.1675067174943763,1.6187063790028435,1,train
-0.25201509509914605,-0.034674520457252056,-1.696124263089409,0,train
-2.2916540239847563,-1.6450425876059718,-2.799163327732989,0,train
-1.66392572528523,-0.8405852710131908,-2.925032747294747,0,train
0.4929595547350042,0.7902214536231871,1.0869671018218303,1,train
0.7201072466978593,0.9226906816412411,0.7050489920586591,1,train
-0.03483189763973599,-0.24618221519586408,-1.579604131985961,0,train
-0.378910614332841,-0.1277640468510495,-1.391281008315463,0,train
0.5835036369710263,0.5145375525147315,0.4635695244252899,1,train
0.12328639653875048,0.01959001310633069,0.30031370559091114,1,train
-1.5655183748475945,-1.2161408530597075,-1.7535389932070833,0,train
0.3883048236600832,-0.5011825075801065,0.29228982719832675,1,train
-2.256844143604962,-1.319646588256231,-2.2993296908992713,0,train
-0.797528715398751,-0.8535464894050775,-0.3364870470782971,0,train
-1.8613054230552726,-1.8336377737499923,-3.3803592112931504,0,train
0.01669384918229877,0.14218077450628264,-0.3947391146226568,0,train
-1.5634534977206054,-1.2587118797477805,-2.5384565271568325,0,train
-0.03912297870596071,0.35676143546188477,-0.19733147002243295,0,train
0.5877798456455846,-0.05265860707825383,0.18817680364635453,1,train
-1.7741371403936685,-1.3300942208363182,-2.8818001436600174,0,train
-0.7282601778487026,-0.49959042581335733,-1.610586686216714,0,train
-2.1928527044876924,-2.26915628306138,-3.350485315605516,0,train
0.7232329166128831,0.23996765213109228,0.3047309231959684,1,train
-0.8821188643770432,-0.3509031749788171,-0.40781044444622505,0,train
-1.0603990396433538,-1.7387191811156042,-1.7963127221257649,0,train
1.353580920751238,0.002707783473213543,1.3462656753560838,1,train
0.3354144419821418,-0.36763451691412063,-0.5750333521668625,0,train
0.6662452195795159,0.7502450189769962,0.23152672336019395,1,train
0.10327066605096578,-0.28903113763179994,0.10458309007783254,1,train
-0.6639794232380403,0.49909386552157464,-0.033904898103965256,0,train
1.2649741505821417,0.4819869885663889,1.499211898930355,1,train
0.4126354110932237,0.22041094076971887,0.06614542674673385,1,train
-0.723745776713896,-0.9899447317288381,-1.04138795234977,0,train
0.4434027297150556,0.33590244796893276,1.348833766320657,1,train
0.2972358643643289,-0.11410218576047848,0.6251279367603712,1,train
-0.3258179329518222,-1.3184366731744703,-1.026508880324245,0,train
0.1496591611402796,-0.03265563097982305,0.6251717010388173,1,train
-1.0352082362125208,-1.110660689051076,-2.196463769641004,0,train
0.8122868377404161,0.06599370985413333,1.6138762908010775,1,train
0.9768581925608705,1.5833063346054133,1.4555824557601704,1,train
0.34437082497546645,-1.3286597245751275,1.1148765183292437,1,train
0.7786730313864375,0.6718517516798791,0.935915038314833,1,train
1.8354191617050932,2.512383385295283,4.625168239189747,1,train
-1.8208889751294786,-0.9601082891652849,-1.975678885246653,0,train
-0.11160720294312254,-0.34433279417076496,-0.25720908735082737,0,train
-0.03690635930958139,0.30922280750487374,-0.13313947152789957,1,train
-0.23578182698432204,-0.49520831495052603,0.08367916505224138,0,train
-1.9809598502356616,-2.9256784591775613,-3.93862250953038,0,train
0.5933925581773766,0.8043577606214848,1.2125032450618125,1,train
-1.6578157412552756,-1.877091296070043,-2.8513717328312476,0,train
-0.5915130599572016,-1.1825087554170919,-0.3292844624642564,0,train
-0.6127555941603634,-0.20311165294806893,-1.7976461602443325,0,train
1.1957257252524247,1.2665767677423592,2.700374240331277,1,train
-0.8143922945062557,-0.4254240192700541,-1.133168962557477,0,train
0.7201139040805058,0.5753181832300995,0.3332073917224841,0,train
-1.25856918542597,-2.281431683313235,-1.9307089509771789,0,train
0.06627211427967733,0.67020735741302,0.5019952899037695,1,train
-1.4308005767853984,-1.297194698355129,-2.4336721575702125,0,train
-1.6306722460210707,-1.3477874823793037,-2.5099805530044725,0,train
-0.11984393169420131,0.15401472037179215,-1.2112865424778738,0,train
0.3694805464397899,0.050141800507506384,0.6498209117200628,1,train
1.2178210539509733,2.5108069076645787,3.0381171987792794,1,train
0.03664812101857699,-0.5351484279139118,-0.015458808396364404,0,train
-0.9610040878922185,0.12779839532811682,-1.4528946557077553,0,train
-1.4234332773072154,-1.4448347131364019,-2.029549582731799,0,train
2.4161116058669823,1.788388202429988,2.7834233906454733,1,train
-0.6403355332689713,-0.5388247144310472,-0.2161875237454037,1,train
0.4118578282689833,0.18606664143901533,-0.11291750638842157,1,train
0.5349523390388806,0.6338622251162449,0.33644388446988516,1,train
-0.8192008378568594,-0.1722263482263085,-1.7485916159093682,0,train
-0.44758001686192234,-0.7428507650852623,-0.4019670293206298,0,train
-2.1764206759700975,-1.5972582541910583,-2.773545021364178,0,train
-0.08665689715832407,0.40020974748289184,1.0079226521675704,1,train
2.8999638970772708,1.659700221949888,3.198808553591167,1,train
-0.4268394796177855,0.7563637288806851,-0.499520301592702,0,train
0.8466774371172872,1.365614413091734,1.6123244777046666,1,train
-0.6461782861793552,-0.3733861032432217,-1.357153137563761,0,train
0.5318153146897726,0.3517405180051486,0.3545505605982391,1,train
0.38231786031238596,-0.3865879114457172,0.08790918436993415,0,train
1.2846590518516685,2.003844803759249,2.3647182359523886,1,train
0.719807381565128,1.1596167947967098,1.2844373596346232,1,train
-0.5695944942854062,0.1680737970991746,0.07567422849505878,0,train
2.8637001741931347,2.288806316642197,3.4297361770172325,1,train
-0.840050107440415,-1.224835753584832,-1.901258877839451,0,train
-2.007490853992204,-1.4799867077220974,-3.5373261501391617,0,train
0.06128964714232042,-0.5216423885687584,0.09853251222668193,1,train
-1.2278116673122572,-1.1985901374281998,-1.0067443154593754,0,train
0.0974770049705709,0.2847290612243096,1.4960054427644005,1,train
-0.411786567625664,0.3117660879274942,-1.5683970573629784,0,train
-0.3657857949762694,-0.3397220914651433,-0.6150975306134401,0,train
0.2814549183077283,0.08067041081663323,0.5085470812978715,1,train
-0.34839536022328216,-0.3105152497045798,0.15122430747901233,1,train
-0.3190095522970513,-0.6107807335499627,-0.6509932647243426,0,train
0.2887451193575338,0.09981774582361144,0.18025888093236003,1,train
1.0452699409604764,-0.028170903920912038,0.7398199276396804,1,train
-0.49739489074464854,-1.4160803805496258,-1.8421412503449028,0,train
-0.2836396857540001,-0.592154652128618,-0.6598021584035167,0,train
0.1907959307968269,0.21320657739952423,0.7280365014228571,1,train
-1.1098676280912136,-1.6396004276375553,-1.7965439970964368,0,train
-0.9931671343722889,-0.8129951974115832,-0.3371338585162422,0,train
0.8286920572518084,0.19545678216789686,1.0969949303612543,1,train
-0.2504400601593435,-0.39483478926048776,-0.7632170654449979,0,train
-0.5290239212664214,0.1438068666414255,-1.8997958146059584,0,train
2.918241835090691,2.6569156921117143,3.60778760438854,1,train
-0.2110833682644889,-0.2098646520845195,0.20710765380851956,1,train
0.01766562518807735,0.40802961412650135,-0.8368332711554892,0,train
-0.8099383616938512,-1.0526557474804399,-0.30345316981398124,1,train
-0.10305024712882639,0.09116629276792029,1.1559094391592826,1,train
-2.7949962830515376,-2.8473221118024807,-4.457532278850556,0,train
-2.187957934638265,-1.4769499511158106,-3.0461190471427386,0,train
0.4365719060168865,1.008904108119413,0.8605510741771052,1,train
-0.18627340664865166,0.17612450757307685,0.7704589629603322,1,train
1.2061724789515298,1.386342031302781,1.3839137756546125,1,train
-0.6479611432523528,-0.28370680927937864,-0.8936839157722409,0,train
0.847242732888993,1.2211094821111663,1.5966296983599442,1,train
0.40158432415150197,-0.07111919373119654,1.0046085971073393,1,train
3.070002249390766,2.871119024016651,2.9717610609240226,1,train
-1.1821093632960067,-2.350356843174715,-2.901623239457738,0,train
0.3256074625936985,1.0072471208389795,1.5745396750506147,1,train
0.8294896572873303,1.2277117408739158,0.9164903922644067,1,train
-1.7144499059703053,-1.3694064383988651,-1.8333489820263287,0,train
0.8429609894581204,0.09814670748983062,1.844774442768463,1,train
1.2354330988918434,1.3727177870725273,2.7690090319583396,1,train
0.8027244239654637,0.7620032826469185,0.8702993915132216,1,train
0.8496850087904688,1.2243707477044417,1.590685659324064,1,train
-0.7667571752971613,-0.018999933583613196,-0.4863775344574261,1,train
1.3071784234338786,2.489482338285664,2.619296218038598,1,train
-0.38220037053560624,-0.659086885466287,-1.5798405461566638,0,train
0.17586615159868801,0.524434495796604,-0.1459132973704419,0,train
-1.0076317409500084,-0.21470891638605472,0.04157002370794227,0,train
-0.3158699468044151,-0.3690120354067852,-0.706361750832627,0,train
-0.7414361483492609,0.2900361206281157,-1.0087776854847434,0,train
-0.8531394903743178,-0.5166125616005629,-1.4070098950493994,0,train
-0.509031978047513,0.018388707165275797,-0.6029890532002772,0,train
0.12222275547384515,0.34790422302817475,-0.5887726040664337,0,train
-0.6675174731363944,0.1994721367057543,0.3524346600005733,1,train
1.0822746901234528,0.4274002194255411,1.6183740112498948,1,train
-0.23317283131242694,-0.5444144440597884,-1.120496878240525,0,train
-0.22873553915265254,-0.5736725156702429,-1.5429286749495583,0,train
0.011524386040944024,0.2708754435069676,0.7567457467893572,1,train
0.8952508858938183,-0.6871922198544136,-0.46559136879634444,1,train
-1.249855075447384,-1.467859454059018,-1.5722810120517579,0,train
-0.973554192508985,-1.1082821733212378,-0.9975012405357221,0,train
0.766021377681342,0.6244357585246134,0.10656834096571637,0,train
-0.8000062879544199,-0.8040685369982157,-3.034338077995277,0,train
-0.9597493889952636,-0.5817865791324575,-1.1323578796676341,0,train
-2.384637438713582,-2.562811332959143,-3.557528313716098,0,train
0.7497993394199578,0.16365706813688088,1.6685769789589795,1,train
-1.666427754686638,-2.0833737573788174,-1.44011535657949,0,train
0.19005805592305827,0.8441705496863697,0.016510235467195267,1,train
1.7286183565733413,1.9562326845646911,2.5276756465360046,1,train
0.15096910979357153,0.6594885088111629,0.5091676817434859,1,train
1.5857460228952824,1.0027842618011298,2.1656779140991564,1,train
-0.01273555190508896,0.12526126843081278,-0.21480211959854884,1,train
-0.9952148574592952,-0.48973808035147615,-1.8317814510289285,0,train
-0.8620348935240648,-0.5016165240153475,-1.2310607939999927,0,train
-0.40523978711922715,0.2957557579206823,-0.4053195172448964,0,train
1.6323873335002486,0.3051781359688771,2.3789603254894702,1,train
2.1380496533368167,0.5985452412944791,2.7070251782860373,1,train
0.09184157899384301,0.8632151856644122,0.5247171617370322,1,train
1.3367548860344107,0.7409238772207302,0.4330612787182407,1,train
0.610448006698928,1.2535689383911541,0.7203154968731734,1,train
-1.3704597406895769,-0.9570628099757538,-3.653535385486026,0,train
0.8500773206493139,0.4449047949234801,0.33459580901346575,1,train
-0.9598906497322833,-2.177377450834543,0.19831217842798932,0,train
-0.8702549508066452,-0.5339236151194903,-1.536819105723739,0,train
0.6047485665653294,1.0547998733489852,0.4668059644005885,1,train
3.5010674271330595,2.9074245480814036,4.885130858546277,1,train
0.5704127821391507,0.07869789307025998,0.42846624293515195,0,train
0.6061789171693568,1.092485469670987,1.9178162270656678,1,train
-1.359381228520647,-1.5705297662593583,-2.891385532558875,0,train
1.0513567083964148,0.17712108551775896,1.443708872818965,1,train
0.12274061701274652,0.07284934431683238,0.7193163869412427,0,train
0.028540252507473843,-0.2825564074293416,0.25785991344954245,1,train
-0.7694351106091568,-1.320428144184227,-1.264443194260592,0,train
-0.261877441253786,-0.24925058642735592,-1.2598707555778068,0,train
-1.628016784097972,-2.1731597102636604,-3.1604383686632325,0,train
-1.0402393506635816,0.07517318242070817,-0.8952296452607534,0,train
-0.7898720481663333,-0.834026809872609,-0.9351391055329801,0,train
-1.187481212682303,-1.3466328237576093,-2.8845908657934594,0,train
0.3218091277158126,0.6782646837769947,-0.7931523351996701,0,train
0.5728651852430207,1.0260601544870886,1.5489175204758097,1,train
2.237873344966844,1.478072074748942,2.3143664342675248,1,train
2.7825586386157206,1.9262588267557972,4.01067696768252,1,train
-0.49229342168970375,-0.4572546852122107,0.5760736433244067,1,train
-1.2757606232499485,0.11530593018068266,-0.9978798366610482,0,train
-0.12762823282832894,-0.28928995136063185,-0.3389742217559762,0,train
-0.563610729307325,-1.293792055823309,-0.7459782091478382,0,train
1.2000754918472512,0.7122295299317114,2.0075393883053976,1,train
0.9875897363244257,0.7104660398433309,0.7040756127085274,1,train
-0.5193292187316888,-0.6228140777980093,-1.3493656948501567,0,train
0.0485889290347201,0.6204151188471141,0.9345296933128874,1,train
-0.4387902676489309,-0.695053039701916,-0.9613494935898012,0,train
-2.6080936978287155,-2.470202030685202,-3.225257599730455,0,train
-0.24361354353620762,0.2212202658478329,0.8152088120285942,1,train
-0.1975152638650386,0.3262936486025551,0.2913144036471929,1,train
0.5329874743304854,0.5597060935817462,1.181493270373432,1,train
-0.3225570875576086,-0.03995083685173373,-0.5767028483647063,1,train
-0.884670051994682,0.19777585819902682,-1.1631509042659895,0,train
0.5839609867253011,2.1121125933128835,1.632851442104614,1,train
1.3095709270115214,1.7120711038862848,2.167041103917528,1,train
-1.4666627188213457,-1.687216739054032,-1.7959281800518567,0,train
0.5657921314192036,0.4197436449990113,2.047817228457477,1,train
0.8954415905787972,0.78926764074534,0.44240320430349855,1,train
-0.6769115796662245,-0.7572261373334714,-0.5976524572953799,0,train
-1.5381786509194213,-1.5498920021897584,-1.3022442442018858,0,train
-0.8810363907974845,-0.38546304221180516,-1.5526163841176799,0,train
-1.4479636020760323,-0.9073511139261066,-2.775016429945615,0,train
0.4901967034497314,1.2306382057437282,1.4012681641667224,1,train
-0.10896679244106952,0.04032749690561897,-1.191926176089519,0,train
-0.3564263572240089,-0.7111683139964795,-0.8031790473803146,0,train
-0.4886777973840197,-0.6264267757070834,-0.9176494049257056,0,train
-1.3013864803741269,-0.783600024216744,-1.6816713713321747,0,train
-0.6668196472205865,-1.8775317658101556,-1.2355595471144587,0,train
0.5057864881228948,-0.5315137678217915,0.2618403302995676,1,train
-0.03632065912744897,-0.2818712890474554,0.664673717894843,1,train
-0.7477664641563146,-0.11853350027313359,-0.4801575647725079,0,train
-0.7647115316034461,-1.068743899492158,-0.28186169503564934,0,train
-0.12366081167647952,0.0858260851515632,-0.16845147043423536,0,train
0.6358736737049095,-0.48059751576488025,-0.8891141392714985,0,train
0.6505400759623524,0.8425988365517129,1.0287838108731981,1,train
1.0476866136243161,0.31224099914431747,1.6672710499506078,1,train
-0.775193548676387,-0.6822398236271339,-1.2523219492822089,0,train
-0.0787048094393219,-0.9043296763756022,0.22514288059720322,1,train
-0.15145816540420448,0.6692306580247013,0.04106598076758594,0,train
-0.7001110459780415,-1.3644616863994825,-1.6463816286812285,0,train
0.757467212239975,0.28836353253689084,0.3943072460409637,1,train
0.5737911115105547,-0.31105977421506903,0.9432538649327107,1,train
1.109769666697035,2.066196688873515,2.2889704595211433,1,train
-1.9001118928876664,-2.2100745698951307,-2.5633548820052336,0,train
-0.6747712170811462,0.13425908160200845,-1.1104965086362244,0,train
2.0413095421207803,0.42310983208367775,1.8139109633788455,1,train
-0.05394916258910698,-0.3913904710362166,-0.7380473500254054,0,train
0.7435514786207161,0.08674533259131599,0.9978220323488917,1,test
-0.05098750977546057,0.1380500003606367,0.9217850350431217,1,test
0.010370898304931236,-0.0772419028301895,-0.5825218912413914,0,test
0.34601454266632975,1.4706424486654002,1.345301218411775,1,test
-3.1856685874383395,-3.6133990034155303,-4.937484622030629,0,test
0.22364358456563546,-0.43409471256181104,-0.0432083134996637,0,test
-0.6293233872241663,-0.38252069121765414,-1.4271176751263999,0,test
-1.2172086151207666,-1.9448040791286654,-0.7015503642533678,0,test
-0.7082391629943349,-0.4140152001326777,-1.575215977593946,0,test
-0.5046715815619216,-0.8883358474384764,-1.2790326654694697,0,test
0.7225008640426706,0.8014440379897735,1.5595616268763184,1,test
-0.11923443010063982,0.9618288227258256,1.1275698810448191,1,test
-1.0060675738806704,-1.2990213147332388,-1.6679046445115246,0,test
0.828179614989057,2.0819394969673746,1.8234030669087082,1,test
0.5407271789093271,0.7720519356816583,2.2211915121676524,1,test
2.455050809073522,2.3761815444158336,3.2482841693142577,1,test
-1.414758535518867,-0.41281103304945,-1.6476215569576969,0,test
-0.31752946433238094,-0.6527861639642955,-0.47459733888456423,1,test
-2.1066877342066226,-1.7653286851706067,-2.7952210335069254,0,test
0.1751810304062993,-0.24841451841248954,-0.3935839600059467,1,test
2.304961426658793,2.199205842324346,3.7022162092483786,1,test
0.8893125328426189,1.6241758711038454,0.8967515332756231,1,test
-1.7015586968557415,-1.3940314955914181,-2.1159137301663207,0,test
0.1252719951470782,0.38434217992267605,0.9104556200551809,1,test
-1.1044635079403744,-0.8948525695746512,-0.9069466899249172,0,test
0.37927715567981324,0.27873936381644765,0.6340266290068066,1,test
0.45269379832136114,0.8937107946017961,0.5653769448472258,1,test
0.22214612132873052,0.0327183814297097,0.5466468310780626,1,test
-0.8715546438449171,-0.7233837900818554,-1.411599009873002,0,test
-1.1124266963881564,-0.813682495268464,-1.8920886426584256,0,test
-1.8673918619724992,-1.6737896610237826,-1.9101032052812306,0,test
0.6496513950559124,0.24569360779776733,1.5444042751000386,1,test
-0.8547295745343862,-1.3960545447586314,-0.9469035247106519,0,test
1.6814625803738006,1.2887036440915338,2.8443186668257456,1,test
0.5819064249373517,0.7799852434310017,0.7314457440717053,1,test
0.32667062440874217,0.07497837677141139,0.22666492020307277,0,test
-0.19600200160183345,-0.7118263193071126,-0.2918322703683769,1,test
-2.7047429609083995,-1.7761304802627498,-4.284878054808855,0,test
0.03990128568296725,0.8795968735002501,0.3812841387713919,1,test
-0.7776854412965801,-0.48212018378514,-0.6196505997902546,0,test
0.688418720762084,0.1649392560049877,0.027469793212672455,0,test
-2.8136247346046646,-2.448293065438671,-4.181525198597348,0,test
-0.26001601373766553,-0.07702553860834876,-0.003859950472578755,1,test
-0.19925719109021936,-0.540895366954778,-0.2691123082828857,0,test
-1.4486079085646533,-0.3728628486879201,-1.9557634595907496,0,test
0.8622404827971464,0.34402240872598266,1.4573255984681126,1,test
-1.2408706579298134,-0.9132331771790718,-1.054187336718067,0,test
-1.0881676114344727,-1.6740210175196721,-1.869750200562489,0,test
1.972976226319565,1.2791032400093696,2.9391526815981583,1,test
-1.002965910913801,-1.4353384943462335,-0.853655727438445,0,test
-0.6721680931289056,-0.33534709382279204,0.1792422842496267,1,test
-0.19406591363944242,-0.024513095522174455,-0.1966709635476776,0,test
-0.418321626682102,-1.553424104473998,-1.3611718871520848,0,test
-1.2658035285284175,-0.4529419067315224,-1.129911634191522,0,test
0.5678876419212003,0.2376196268068022,0.15213993494926367,1,test
-0.8342336903462932,-1.2547573933265128,-1.1996021856869206,0,test
0.8115673447592395,0.6515751578329481,0.7876720426818886,1,test
2.053977808592591,0.7882277064662156,3.302500192132537,1,test
-0.37890791327730877,0.009131048044815765,-0.32492710804485636,1,test
-1.2851269567742298,-1.2496468759179047,-1.8152175339038847,0,test
-0.12477184842510505,-1.0996051987696696,-0.5149759993226889,0,test
1.4241372661871283,0.6277443966682803,1.6983642381806603,1,test
-0.6435420088367256,0.12529427639576746,-0.9071704965843674,0,test
-2.5660695238331868,-1.569901773983561,-3.4608835504377984,0,test
-2.855735940359145,-2.665004834807447,-3.5036713762262566,0,test
0.8777923285943017,0.4772166148046083,1.3151909398560595,1,test
1.0404327437575087,1.3367896854491375,2.102741468333882,1,test
0.5498656146812474,-0.5878796746960667,0.8420089545951899,1,test
-0.015583664565951467,0.6283258053518028,-1.2543745247411795,0,test
0.13635290444043646,2.262728533824404,1.1456599409362866,1,test
-2.3703008045674627,-2.053494008396261,-3.2139164495350667,0,test
-0.32247523574712955,0.9560922145949965,-0.3642486526857932,0,test
2.0726324704970343,0.6278601991997148,1.7458248297909569,1,test
-0.8759750333455045,-0.8810447510680339,-1.1700269898897784,0,test
2.1980623113595597,1.8483548276624735,3.0060176944173085,1,test
0.8433176836989975,1.0141294641612024,0.22109167616822784,1,test
-0.2538873538402853,-0.7747563092667187,-0.49691915332046643,1,test
-1.5803682218555097,-1.4811096913782136,-1.8575593936986774,0,test
-0.3406116202775341,-1.0372261480069962,-1.2421883403611471,0,test
-1.7909193068682145,-2.1699972159719634,-2.250102795595879,0,test
0.632450712956704,0.2467714642548643,0.8732974444968465,1,test
0.5278474556679966,0.7685160875285312,0.10070771575643095,1,test
0.8762878611748836,0.6739126077374161,1.345444347572859,1,test
-0.7081779067294522,-1.372462653950319,0.4807902635039105,0,test
0.09105688243526022,0.06321879769929087,1.5194030900632236,1,test
-1.1441470651145949,-0.5544194115788009,-2.540596318133797,0,test
-0.5289584215423768,-0.5257521496705044,-0.8204153519898174,0,test
0.4418361626896098,0.951727662174164,0.9050932891669065,1,test
-0.8074963823716499,-0.5705513415941099,-0.38430379407676607,0,test
-1.0429728384575965,-0.18658942650725113,-0.8978668025525242,0,test
2.0662438964925323,1.7891891920614054,2.6480141628707443,1,test
0.9844323006564931,1.092064701182982,2.522327726344613,1,test
0.8145817034570592,0.314338987384633,0.4004341017261357,1,test
-0.9317637308333329,-0.9746350244156018,-1.7014579112393662,0,test
1.04791284940608,1.0265348805399213,1.133275923665907,1,test
-0.19175826884958297,-0.6750371038163347,-0.8175866748890837,0,test
0.055981615183808106,0.754233957992159,0.7285728724823778,1,test
0.02767195523698751,-0.048164898545356494,0.6633690108340827,1,test
0.690100961572913,0.28351881360022213,0.514419549559355,1,test
-0.5532648904195092,-1.1864617608606036,0.1033053320732372,0,test
-0.7090740360316669,-0.660214373531781,-1.449853163409717,0,test
1.290996811152198,0.8782814955650957,2.2493325302719187,1,test
-1.6580569242315681,-1.3087115703754715,-2.1992087759834527,0,test
-0.19237107449818525,-0.4934440701493898,-0.3054596503652032,1,test
-0.9096657673433137,-0.7715684502031709,-1.3439408356741742,0,test
1.1825637550169272,0.7587596465310589,1.2242244488500413,1,test
2.0387226477988705,1.5529882545272986,2.014947569508931,1,test
3.010578200224718,1.6394641840363608,3.0151590864986324,1,test
0.17472185271688995,1.1656465778989888,0.6327560078626769,1,test
2.1560246046748874,1.4606253597786651,3.7666747362554487,1,test
0.24789104365780154,0.1887679348838377,0.8351231018893066,1,test
-3.285280201103621,-2.4996052905441526,-3.6304646170131205,0,test
0.5234947780410273,-0.366834344920933,0.2670564013756768,1,test
0.7379557167373747,0.5523466638563372,1.1009977965398567,1,test
-0.8247604512546658,0.05446979470838431,0.8616178243422861,1,test
-1.4482894787898803,-0.3251171031687775,-1.076031865397968,0,test
-1.749481035100676,-2.047474748425668,-2.973148408729586,0,test
-0.19088201474844904,-1.15157981155434,0.7572642123965371,1,test
-1.379876764944161,-1.1203074330985243,-0.09862610757172269,0,test
-0.7128946937915637,-0.2799607925036402,-1.1226066178165999,0,test
-0.17033997086049585,0.5607515806362148,0.1527888423608956,1,test
0.8507358361863409,0.9616900705929929,2.0117384073554927,1,test
-1.405023542399219,-1.0701407237220464,-1.7320641559693901,0,test
0.6602700154079921,1.4119556295115794,-0.25993148534730287,1,test
0.8006542904319145,0.31787704982057213,0.6278642610603772,1,test
-0.8209599117580539,-0.1993014242198594,-0.24820078547719798,0,test
-0.5296611683468064,-0.3325255895475972,-1.1565112955007777,0,test
-1.1237413649289647,-2.106931458170768,-1.055224758693787,0,test
1.5881183368509895,1.9534953287629075,2.413241977980265,1,test
1.4815044514674307,1.35707591080729,2.686321852673031,1,test
0.19499832467716288,0.2722284596941965,0.17105224449419515,1,test
1.714688118600965,1.4832980892461114,1.820720177905735,1,test
0.5465443388781684,0.9783469245290468,0.731681769499567,1,test
1.7874122854278136,0.8147839568183232,1.8200275007772544,1,test
1.102871997949481,0.6940506444846146,1.8344587606370901,1,test
-0.6096190749237689,-0.5567460709610588,0.09536873670486345,0,test
2.235756867636814,1.5502285221818783,3.698065729557442,1,test
0.518674840975711,-0.17870976081672568,0.3843767743065164,1,test
-0.3945418069929376,-0.8177218584579922,0.7919718204047205,1,test
-1.7032206435871615,-1.1819575690243147,-1.478113705393693,0,test
-1.0150368082943437,-0.16344247021732944,-0.3535738725574299,0,test
0.7967462258758915,0.041870085021323056,0.9562435805466329,1,test
0.42918345493366916,-0.037967820633009366,1.1547223723125095,1,test
-0.3214148759846982,0.3343238517238021,-0.8529289514782332,1,test
-0.4522834840102533,-0.4328761851578573,-1.222781385100458,0,test
-0.6868274847297946,-0.4670167865998319,-0.8321512041114246,0,test
-0.20692439465456763,-0.6339447616271537,1.4156096381341505,1,test
0.32585654100213474,0.07183042886187177,1.631865391891088,1,test
0.39587164637186073,0.14050140804757505,0.42753270472318705,1,test
2.334158706578293,2.8022290000237398,4.40724286040439,1,test
0.16603696937460077,0.10605680243521191,-0.24230897716298283,0,test
-0.07729009255772001,-0.1669306865030767,0.0012847251695032313,1,test
-1.3812889699403077,-1.4270959266320629,-3.2515627794996287,0,test
-1.6321589980276867,-1.3159943727818972,-3.1592759446050374,0,test
0.0099680074205033,-0.5628118469996505,0.2660856498099215,1,test
1.2894672855623288,0.6178218511003601,1.44610299120086,1,test
0.9515980200058614,0.7647207279001151,2.081763918786666,1,test
-0.7113935602071562,-0.4071496558594875,0.11488200233698578,1,test
1.4387770470968777,1.4643946449199856,2.452752569781092,1,test
0.17383533474568594,0.20909125735417286,-0.7960376511896946,0,test
0.05215471283666853,-0.5242469720174484,0.2885583925211739,0,test
1.94127351559354,1.7796420556255579,2.398989386010752,1,test
-0.8100145401073013,-0.7800710532005928,-1.0893860466439669,0,test
-0.11351987237979963,0.04641703959273841,0.20831728674198932,1,test
-1.0084585797795103,-2.069395836680144,-1.553250949297193,0,test
-0.38853547094568075,-0.34218594049161866,-0.10803478165489366,0,test
0.31049662553630514,0.2558712652950422,0.6933250786934134,1,test
2.0206413386156767,3.0858911581838644,4.719921438113782,1,test
0.30706644448234005,-0.18024626878616312,-1.5279202877814764,0,test
0.0327803242793151,-0.43245192356957896,0.1901997826145012,0,test
-2.4435500821895495,-2.290942303343908,-2.5807750645120335,0,test
-0.2064537543086119,0.49384008956305675,1.407692695089356,1,test
-0.2632047755831888,0.1162743961414302,1.3075341485278769,1,test
1.3483870869275802,0.7584327141055492,2.241781512855831,1,test
0.5910614471648514,-0.09586459555281776,0.8224557675334894,1,test
-0.09815720724513985,5.0543332508451444e-05,-0.7457348977939089,0,test
-1.0925477651115196,-1.1123447014643717,-2.0540742713961633,0,test
0.23238453718208393,-0.3860753088286822,0.5158955437174539,1,test
-2.6235298744120703,-2.433371170283245,-4.443706662952067,0,test
2.548661397309744,2.529901089134843,3.0738825167056447,1,test
0.7282969192012732,0.6209317410542076,-0.42046578433069454,0,test
-0.6696753897791202,-0.7227361467004414,-1.3450069262435118,0,test
-1.447615111965041,-2.090002707153233,-2.3493801567640573,0,test
-0.4588478579209967,-0.17833556499860687,-0.4757077202315408,0,test
-0.5535392701700299,-0.1954906371838524,-1.144964287404683,0,test
0.6827652298527374,0.42132920740033947,1.8143564829238479,1,test
0.6072619236442548,1.0048800533629947,0.1338204219841752,1,test
0.2814791526965378,-1.0216056839046235,0.48772948668539473,1,test
1.3647715020306375,0.6875394521633176,0.9630149568996722,1,test
-1.1741041577843456,-0.6613769729745995,-0.30182391833160854,0,test
-1.9138444908358503,-2.4765158815256285,-3.043757403311912,0,test
-1.0443665062511684,-0.4302535622506045,-0.7781077663658083,0,test
0.9896926471846219,1.0007655638813104,1.4643897789415776,1,test
-1.7201084720523303,-0.4907614407468474,-1.7086715059801052,0,test
-0.7947359374145028,-0.22895397765301195,-1.8071205277612665,0,test
-1.0770901857279394,-1.7119080756669378,-0.7841072271670243,0,test
0.7576111727361385,-0.2850952002463171,0.34988445176378125,1,test
0.7785902838269558,0.7936472510286815,1.0692414258882945,1,test
-0.5123695523902176,-0.3975664874170641,-0.4528155208096593,0,test
-0.46658558139914297,0.15681019496315862,-0.7612279639390526,0,test
-1.1618665832878279,0.053211911692799596,-1.30050456895866,0,ood_test
-0.3054409241407033,1.3067541717784368,-0.5677107688284356,0,ood_test
0.057588264219912755,-0.2246940600308336,0.24379529433088087,1,ood_test
-0.020876029765491244,0.24573128986967677,-0.5790873098033372,0,ood_test
2.3199736149419485,-1.531447857638598,3.447614324142715,1,ood_test
-0.9271540068647727,0.6270243317197983,-2.155981467832318,0,ood_test
-1.2528045699819461,1.0063648646756767,-1.739841369196852,0,ood_test
-0.24753681032398117,0.8223368495501332,0.13704304928775846,1,ood_test
1.911880255602115,-3.3182071379398996,3.4386066997997378,1,ood_test
-1.779856495464908,2.420400248810392,-3.343748401207053,0,ood_test
-1.0019770575689366,1.0680587526560354,-1.0776354902754337,0,ood_test
-1.3406544693930393,1.4340820357467454,-2.3829212947737295,0,ood_test
-0.9541607735424296,0.7916179879185696,-2.819929254538814,0,ood_test
0.16313445140762295,-0.7188147626798647,0.5786173462971497,1,ood_test
-0.6340541935146413,0.7289274113290696,-0.8295369876386338,0,ood_test
1.385867621522529,-1.0678239644703171,2.2359721964654318,1,ood_test
0.7624658771057768,-2.2948105993010235,1.5575546508017324,1,ood_test
1.273517331647797,-0.9136169517668227,2.963592365025195,1,ood_test
-1.3002339631131583,0.4948017589924537,-0.6312060808163311,0,ood_test
0.42976741013204445,0.4543155090255715,-0.026560118639890606,1,ood_test
0.36221862717042946,-1.5034318631056083,1.138984064552054,1,ood_test
-1.08594173191218,0.8236499008307832,-1.642204816509326,0,ood_test
2.0288217677641422,-2.211380276379439,3.1333935956915484,1,ood_test
0.8215653394778464,-0.4795489433955147,0.8713355277132216,1,ood_test
2.895777337318003,-2.3682434025133112,5.516332888883758,1,ood_test
0.32943992337034694,0.23412059061199852,0.9693347545384491,1,ood_test
-0.829956644539464,1.4748420046262116,-2.7557900347234825,0,ood_test
-0.8076516784504677,1.2137437706678287,-1.2531185776721188,0,ood_test
-0.7280466911564095,1.1345856286659561,-1.370663297552741,0,ood_test
0.34680956221958037,-0.03497451102366267,-0.716079833502062,0,ood_test
-0.10593019595858594,0.23156146777422273,-0.8994413588223653,0,ood_test
0.43180883557778016,0.23480122123317704,0.24477629141939364,1,ood_test
-0.20022330054548426,-0.09610204933335348,0.5453940249033915,1,ood_test
-0.9174536040817128,0.9593458552429595,-2.096780699453607,0,ood_test
-0.6221034398779759,0.6634810404766458,-0.8640828335169948,0,ood_test
1.1485286352216222,-0.37582310883778436,2.6629179453433016,1,ood_test
-0.4431468377046911,-0.0267975072206299,-1.3433693532824227,0,ood_test
0.21505740504149845,-0.37521759390774745,1.3550894685387782,1,ood_test
-2.1145688567103478,1.7112586866521147,-3.483420636087971,0,ood_test
0.7223343263603222,-0.3394940453629075,0.7125539445708218,1,ood_test
1.4048164498018956,-2.1449888472710166,3.2724402411178923,1,ood_test
1.6804727308117082,-1.0048554914618852,2.412938465144698,1,ood_test
0.10581946857161514,-0.5356002354106034,-0.4021340835695159,1,ood_test
-0.8677662770057388,0.4873417140425243,-1.6404406447646562,0,ood_test
0.5869306190538174,0.8407444176191022,0.0515112778230578,1,ood_test
-1.0555684777638739,0.9962056593912727,-0.763596171613335,0,ood_test
-0.8481967058569312,0.8690085495055071,-2.2624196137731767,0,ood_test
0.14332066961306777,0.2337012158054122,-0.3728276172094709,0,ood_test
-0.4587014934267947,-0.29210192114430256,-1.1038522020431951,0,ood_test
-0.7838522595647689,0.11935833861020351,-1.0476682268848767,0,ood_test
1.9635007697563476,-1.9780896146848048,2.8519646463246073,1,ood_test
-1.191751639541406,0.4022962432739493,-0.26794641025035015,0,ood_test
-1.908270468765683,1.2797884173736174,-1.8965142787696814,0,ood_test
0.19673971720319194,0.24689577754559183,0.2090491443880338,1,ood_test
-1.0476503695465254,0.512913682268699,-2.286152572145321,0,ood_test
-0.12820713319556326,0.9103713431578624,-0.717219277393613,0,ood_test
-1.1802034970175956,1.4273545513765098,-1.3336367769608204,0,ood_test
-0.5185576798723943,0.2551540142782331,-0.42206338993823445,0,ood_test
-0.14632333601827177,-0.37696251795693536,-0.19870780938378224,0,ood_test
1.3961458193274805,-0.8059801674893601,3.8281305585959204,1,ood_test
-0.8109224028607782,0.5665649073529639,-0.625247725582271,0,ood_test
1.8250990965602365,-1.770362465148696,2.442695996171009,1,ood_test
1.0572849148500385,-0.5204073289219076,1.4249880568911504,1,ood_test
-1.4346408553386496,0.50950561866277,-1.6197038620171629,0,ood_test
-0.7844861111130179,1.0400647725312004,-1.102514799401514,0,ood_test
0.591683964884759,-0.04241702910137907,-0.11361867644234436,1,ood_test
0.042688937015283895,-0.24570025811000032,0.46555239014071714,1,ood_test
-0.4198659070669025,-0.32683913927424035,-0.8494450089446264,0,ood_test
-0.04682285977302478,1.0817250509629603,-0.1539832320477451,0,ood_test
1.0375340454641897,-1.3654398444759284,1.2383909910148059,1,ood_test
-0.27747347599517275,0.526140704734529,0.664361241546033,1,ood_test
2.2040289204330037,-1.701952046989478,3.877441253672192,1,ood_test
-0.6336371857715857,0.5294521255004907,-0.977928435904863,0,ood_test
-0.52463431009871,0.016386638393084574,-0.227047329262009,1,ood_test
0.6736326135650069,0.39325223394481157,0.5896925502486375,1,ood_test
-0.5883223447728853,1.2217823723361747,-0.586793502146159,0,ood_test
-2.6553864626554433,1.6183265600603491,-4.137545260795057,0,ood_test
-1.3796074225178474,1.1418161788327217,-2.833412965003287,0,ood_test
0.2068487286807707,0.024242597360667778,0.22530510560471245,1,ood_test
-1.840241919223212,1.8979717226918018,-3.066227212350229,0,ood_test
0.029245126693793227,0.5301094637532905,-0.10203264785902003,0,ood_test
0.23688536657951023,-0.9341407093448362,0.9116363221163778,1,ood_test
1.855337307823666,-1.3544109669008473,2.807822836622653,1,ood_test
-0.4242275881220612,0.4860125429344491,-1.6842249647654277,0,ood_test
-1.9262492348291782,0.2114592107672899,-1.8376784222635707,0,ood_test
2.43697275825158,-2.223545469565718,2.7020650119396437,1,ood_test
-0.8121145541589954,-0.10928455768095036,-0.8505353118834764,0,ood_test
-1.0045326567897632,1.199593396859998,0.1607837148029545,0,ood_test
-1.116125365766785,1.3893625289046976,-1.836116061290491,0,ood_test
-0.35307208482475,0.09013160316639263,-1.239234304574681,0,ood_test
-1.8911249295589765,2.405755178606022,-1.9202779745727898,0,ood_test
-0.45760084520160116,0.18481470664722865,-1.2357729480622033,0,ood_test
0.5205909533469238,-1.243267933484661,0.057366098671495336,1,ood_test
-0.8342030226821231,1.1317487391583647,-0.39313758428620255,0,ood_test
1.932459242268335,-2.4209455183456554,3.2886544124706742,1,ood_test
0.41208611107284543,-0.29108141043308106,1.162428075834803,1,ood_test
1.2614432278809478,-1.0775571972052456,1.4073346661308044,1,ood_test
0.5050003484633986,-0.8269033266688688,0.35729072045711374,1,ood_test
-1.3035758667909307,0.1290071889281461,-2.123134840094985,0,ood_test
-0.15630992180385783,0.769523722481058,0.14843261777531913,0,ood_test
0.7616248933952965,-1.3979481946528636,2.172305771529224,1,ood_test
1.1362168815813583,-0.2675518359311523,3.1392255565898286,1,ood_test
0.04637922893730362,0.5461523027243133,-1.1188796927705187,0,ood_test
0.40013716499028973,-0.9460263261932798,0.8701519440810527,1,ood_test
0.639827874766068,0.4736112198330066,1.6158385111564724,1,ood_test
-0.3820522215174905,0.6555875009369077,-0.2035644098583137,0,ood_test
-0.16595610053857013,1.1225199613917909,-0.977993114357317,0,ood_test
2.8107917024146993,-1.4841175393339143,4.035523988987007,1,ood_test
-2.4428926422905595,1.3185782918658364,-3.301643533829079,0,ood_test
-0.12944316225102542,0.6074458816104852,-1.2300534469240605,0,ood_test
-0.32626397367818805,0.25516150574620333,-0.432273865623767,0,ood_test
-1.6658769685363453,1.905757477518805,-1.9767685757008246,0,ood_test
0.12270483647788688,-1.1271628731741954,0.45391961029333233,1,ood_test
0.09612104089026807,-0.45389808734060155,0.5959630618211194,1,ood_test
0.5202608375357644,-0.7763001833043386,0.4763739957627071,1,ood_test
3.442418791229839,-3.73026738068448,4.9206043609917955,1,ood_test
-0.593943076236992,0.44834590068997204,-0.5609991085396191,0,ood_test
0.7160986908630378,-1.3418805157926939,1.932367611677519,1,ood_test
-1.2040562776706334,0.8146946337986767,-1.5372148682472053,0,ood_test
0.0618045801190983,-0.05647896097004656,0.5184642065829995,1,ood_test
-0.5382199920191184,-0.043729148359782255,-0.08626702092573812,0,ood_test
-0.4703516792677931,0.29414799122833574,-0.08410605808698901,0,ood_test
0.6500888171685466,-0.6917403934988673,2.0279555519599763,1,ood_test
-0.20055144633372785,-0.27298610912170085,-0.283958658105633,0,ood_test
0.26409648289576193,0.3088505219988995,0.21056031416126192,1,ood_test
-0.9895456136868508,1.3200822660020757,-1.9769490067970517,0,ood_test
-1.1678132836028712,1.4953210024108226,-1.6063559413734094,0,ood_test
-0.5403917083843922,-0.3279425526521129,-0.8792354884738233,0,ood_test
0.17995413152068024,-1.4810276946738985,0.7066130166521852,1,ood_test
0.3979362704968155,-0.5018273645281728,0.47116742450927684,1,ood_test
0.4825403923852104,-0.2908012085677877,-0.13434475988001782,1,ood_test
0.143480547615001,0.2744604865885025,0.5025115213852382,1,ood_test
0.30600031166483854,-0.9426871809681296,1.124614130837097,1,ood_test
-0.7629266139223214,1.504231971769361,-0.7538414852455959,0,ood_test
1.3807503960239178,-1.3046391257057488,2.545176843741921,1,ood_test
1.194596335534143,-0.578050939691109,3.14962134373483,1,ood_test
-0.39825709044643515,0.21009687482482103,-0.11343191739479576,0,ood_test
-0.8731557245856627,0.5354797528490549,-0.030845611468232795,0,ood_test
0.7299194825028348,0.19320726886910472,-0.4312383447119541,1,ood_test
-0.9968225032135946,1.3388415860836598,-0.3711410511232947,0,ood_test
0.862964588995682,-1.3221937409920366,0.8697191983570398,1,ood_test
-0.9700541638893485,0.91931091189309,-1.0235414769437825,0,ood_test
-0.3861367947117237,0.8186970540978019,-0.39250073034291344,0,ood_test
-0.003026197919858864,-0.025797744088536224,-0.0009756506549280022,1,ood_test
1.2505251578365923,-0.9219915628899306,1.7517420646981505,1,ood_test
-1.4951033588635474,0.41130731343415616,-2.527423185504223,0,ood_test
1.290872731566128,-0.618776640911001,1.5260989894934163,1,ood_test
0.06689483390440715,-0.059775876761964275,0.016711733417064834,1,ood_test
-0.5405496533836911,-0.41589579778611907,-0.09424043003157478,0,ood_test
-1.3882966683298072,1.4443478872873075,-2.4930203036076497,0,ood_test
-1.415970044406295,2.0538511669115262,-2.2355539153903012,0,ood_test
-0.1865853482887897,-0.03078487371976646,1.0955586290688974,1,ood_test
-0.0022421193506552244,0.07514559173362459,-0.1684378356753273,0,ood_test
1.0283202336203348,-1.6543551450964176,1.8036089397069726,1,ood_test
1.125195350093882,-1.7949783295185873,1.1667182876919697,1,ood_test
0.16149656655802186,-0.3640073033137708,0.3478722018533441,1,ood_test
-0.49531174449159543,0.26653493758985136,-0.03441620392868183,0,ood_test
-0.24517887724707982,1.421704350617105,-1.5073673687285447,0,ood_test
1.3186527769412295,-1.643484599515419,2.268963927611045,1,ood_test
-0.4254866490163339,0.6055092005316506,-1.1094576788167658,1,ood_test
-1.0047924413991653,1.9552118914171597,-2.762563739954701,0,ood_test
0.22425920552249187,0.25682376176473515,-1.3197656541960732,0,ood_test
-0.6250662328973524,0.3987071584327784,-0.7567862955170425,0,ood_test
-0.3310977818214751,-0.4468170824047752,0.8360507461956908,1,ood_test
-0.1308752607024919,0.1948421903780853,-0.19986026067869886,1,ood_test
1.0181869412549909,-0.744332245806288,0.5181205525439829,1,ood_test
0.13271594628268074,0.012126720695470883,-0.17224634278741396,0,ood_test
0.3615731355174926,-0.90583180781948,0.988818213404008,1,ood_test
0.404752745756251,-0.6501039688538442,1.1463890504928467,1,ood_test
0.8472052980127145,-1.4773348699479802,1.2425546730360442,1,ood_test
-0.39638559213279156,0.23273358494908258,-0.02214291428508469,0,ood_test
1.4900417718294265,-1.3079201426945488,2.3824418280441364,1,ood_test
-0.2898325260935724,0.7521018514884805,-0.6880021007771596,0,ood_test
-2.587351827666397,2.521642710003669,-2.971290524019963,0,ood_test
0.5013947791612909,-0.24719408149229022,0.5659465725306901,1,ood_test
-1.914563262207981,2.0228630192709014,-2.413229763795047,0,ood_test
-0.4145794683743637,0.6377718437219256,0.2107821242556372,1,ood_test
-0.928588066157543,-0.036807816888000874,0.08308074022779104,0,ood_test
0.2181402910420403,0.24104393478499198,-0.11065659168137765,1,ood_test
0.8416325844875254,-0.6161477733853332,1.9601574373718607,1,ood_test
-0.2448016197851361,0.005696590737077956,0.8172665043935281,1,ood_test
-0.5776775128637228,0.3356583484017858,-0.810793289986839,0,ood_test
0.3701254448937757,-0.3251119452153155,0.1487036860881472,0,ood_test
1.3588910902040883,-0.9563030036407812,1.4510075508223756,1,ood_test
1.1500000487685322,-0.34034116205272735,1.7929657268323078,1,ood_test
2.0098353176009534,-2.2120957004287214,2.317575498010346,1,ood_test
-0.8340925400161379,-0.0793384988191499,-0.6947182715852919,0,ood_test
-1.2160587709407105,1.9759499904132167,-1.4666571292895056,0,ood_test
-1.0739924361902302,1.1192544078379085,-1.8413532114016529,0,ood_test
0.11844440668642194,-0.08038857387875448,0.23148990745345638,0,ood_test
-1.99210954755216,2.2641221702200216,-2.3657536089096607,0,ood_test
-1.3645575495672713,0.8982758417311575,-2.596571324312685,0,ood_test
1.1979239406334288,-1.0280624927628106,0.3001243606479275,1,ood_test
1.8281403254304254,-1.4260087288801762,2.5439518815393076,1,ood_test
-0.5971520990947936,-1.0969716235182292,-0.6935007235789461,0,ood_test
-0.2949079142276181,-0.4646278017698152,0.7731162851952186,1,ood_test
0.9605149683293874,-0.6666022373864967,1.2933454217575329,1,ood_test
0.9885738505814108,-0.5604437713747178,1.8410546036432893,1,ood_test
-0.16524463595965316,0.9734200557411293,-0.9993395825638876,0,ood_test
-0.3614858077146941,-0.30851414338155725,0.7883857760434854,1,ood_test
