dataset_module,dataset_variant,logical_operator,n_noise_features,model,seed,n_samples,n_relevant_features,n_features,train_samples,test_samples,positive_rate,accuracy,balanced_accuracy,precision_macro,recall_macro,f1_macro,fit_seconds,prediction_seconds,total_seconds,log_loss,roc_auc,status,error
logical_dataset,L3,XOR,0,catboost,0,1000,4,4,750,250,0.495,0.948,0.948220686123912,0.9492270190518955,0.948220686123912,0.9479791916766708,2.62008630001219,0.0279030000092461,2.647989300021436,0.2356558514964978,0.986879160266257,success,nan
logical_dataset,L3,XOR,0,realmlp,0,1000,4,4,750,250,0.495,0.936,0.9361239119303636,0.9363473360655736,0.9361239119303636,0.9359959037378393,14.20232159999432,0.0968737000366672,14.299195300030988,0.1832659600886422,0.9849590373783922,success,nan
logical_dataset,L3,XOR,0,tabicl_v2,0,1000,4,4,750,250,0.495,0.92,0.9201228878648232,0.9203381147540984,0.9201228878648232,0.919994879672299,1.4559418000280857,15.72802139999112,17.183963200019207,0.2452991418880235,0.9765745007680492,success,nan
logical_dataset,L3,XOR,0,limix,0,1000,4,4,750,250,0.495,0.888,0.8880568356374807,0.8880568356374807,0.8880568356374807,0.888,0.0011582000297494,10.453494899964426,10.454653099994175,0.4073816300011664,0.9715181771633384,success,nan
logical_dataset,L3,XOR,0,tabpfn_v2,0,1000,4,4,750,250,0.495,0.852,0.8523425499231951,0.8545893719806763,0.8523425499231951,0.8518079430942501,1.794798599963542,32.27284720004536,34.067645800008904,0.3387232319306123,0.9492447516641064,success,nan
logical_dataset,L3,XOR,0,tabpfn_v3,0,1000,4,4,750,250,0.495,0.94,0.9401561699948796,0.940579153052726,0.9401561699948796,0.9399913587556608,3.778410299972165,37.05660720000742,40.83501749997959,0.1715864882749083,0.9864951356886842,success,nan
logical_dataset,L3,XOR,0,catboost,1,1000,4,4,750,250,0.477,0.96,0.9591378536147284,0.9610305958132046,0.9591378536147284,0.9598354861512756,3.616854400024749,0.0510999000398442,3.6679543000645936,0.1865074615269266,0.9903136827249984,success,nan
logical_dataset,L3,XOR,0,realmlp,1,1000,4,4,750,250,0.477,0.904,0.90185387131952,0.9076062203136184,0.90185387131952,0.903250773993808,16.814912499976344,0.108748700004071,16.923661199980415,0.2124178188635461,0.974533324780294,success,nan
logical_dataset,L3,XOR,0,tabicl_v2,1,1000,4,4,750,250,0.477,0.852,0.851850663929694,0.8516025641025642,0.851850663929694,0.8517129162057744,1.895238299970515,14.791118399996776,16.68635669996729,0.4073417122319963,0.9341202129706844,success,nan
logical_dataset,L3,XOR,0,limix,1,1000,4,4,750,250,0.477,0.924,0.9224773879017256,0.9261128364389234,0.9224773879017256,0.9235584737443474,0.0008162000449374,4.339468700054567,4.340284900099505,0.3881961348658778,0.9699788312271472,success,nan
logical_dataset,L3,XOR,0,tabpfn_v2,1,1000,4,4,750,250,0.477,0.888,0.8888960164218359,0.888,0.8888960164218359,0.8879354508196722,0.5914598999661393,22.43780740001239,23.029267299978528,0.4224414611619548,0.9586246712425428,success,nan
logical_dataset,L3,XOR,0,tabpfn_v3,1,1000,4,4,750,250,0.477,0.932,0.9320354095836808,0.9317307692307693,0.9320354095836808,0.9318680966350856,1.961029199999757,21.342581399949268,23.303610599949025,0.2155656593926267,0.98069151324652,success,nan
logical_dataset,L3,XOR,0,catboost,2,1000,4,4,750,250,0.497,0.928,0.9279313876088068,0.9281506147540984,0.9279313876088068,0.9279815632801998,3.139558600028977,0.0165135000133886,3.156072100042365,0.232369583386789,0.9850870455709164,success,nan
logical_dataset,L3,XOR,0,realmlp,2,1000,4,4,750,250,0.497,0.864,0.8641193036354327,0.8643058401639344,0.8641193036354327,0.8639912954429083,15.013736099994276,0.4540964000043459,15.467832499998622,0.3737478682289027,0.9485407066052228,success,nan
logical_dataset,L3,XOR,0,tabicl_v2,2,1000,4,4,750,250,0.497,0.88,0.8800563236047108,0.8800563236047108,0.8800563236047108,0.88,1.4725713999941945,12.486030699976254,13.958602099970449,0.2575452982173671,0.9647977470558116,success,nan
logical_dataset,L3,XOR,0,limix,2,1000,4,4,750,250,0.497,0.864,0.8640552995391705,0.8640552995391705,0.8640552995391705,0.864,0.0001625000149942,5.21392609999748,5.214088600012474,0.4366811082480074,0.948988735279058,success,nan
logical_dataset,L3,XOR,0,tabpfn_v2,2,1000,4,4,750,250,0.497,0.856,0.8561827956989247,0.8567307692307693,0.8561827956989247,0.8559631265603995,0.4702347999555059,21.36802709999029,21.838261899945792,0.4399523004572592,0.9420762928827444,success,nan
logical_dataset,L3,XOR,0,tabpfn_v3,2,1000,4,4,750,250,0.497,0.904,0.9039298515104968,0.9041367827868853,0.9039298515104968,0.903975417706933,5.279994899989106,25.46500630001537,30.74500120000448,0.2155340404222453,0.9749743983614952,success,nan
logical_dataset,L3,XOR,0,catboost,3,1000,4,4,750,250,0.483,0.952,0.9511820103786276,0.9536231884057972,0.9511820103786276,0.951848998459168,2.362036500009708,0.0464541999972425,2.40849070000695,0.1700760115967814,0.9939137676981228,success,nan
logical_dataset,L3,XOR,0,realmlp,3,1000,4,4,750,250,0.483,0.936,0.935934396822346,0.935934396822346,0.935934396822346,0.935934396822346,13.101447699998973,0.0849729999899864,13.186420699988956,0.1752166926400344,0.9853289768723172,success,nan
logical_dataset,L3,XOR,0,tabicl_v2,3,1000,4,4,750,250,0.483,0.532,0.5165289256198347,0.7621951219512195,0.5165289256198347,0.376,1.3981543000554666,13.539996900013648,14.938151200069116,0.6851421577429858,0.7640463834967007,success,nan
logical_dataset,L3,XOR,0,limix,3,1000,4,4,750,250,0.483,0.888,0.8866038823755525,0.8911141357184522,0.8866038823755525,0.8874163664436439,0.0002060999977402,4.394375000032596,4.3945811000303365,0.4065336762526275,0.9725158562367864,success,nan
logical_dataset,L3,XOR,0,tabpfn_v2,3,1000,4,4,750,250,0.483,0.864,0.8630918060093535,0.8650563607085346,0.8630918060093535,0.8635721623009759,0.3963989000185393,20.767285999958403,21.163684899976943,0.377873806304789,0.9360625280287014,success,nan
logical_dataset,L3,XOR,0,tabpfn_v3,3,1000,4,4,750,250,0.483,0.884,0.883752963034147,0.8839743589743589,0.883752963034147,0.8838494689117096,1.6239536000066437,23.990172400022857,25.6141260000295,0.208006139917299,0.9745018899352936,success,nan
logical_dataset,L3,XOR,0,catboost,4,1000,4,4,750,250,0.541,0.94,0.9405797101449276,0.9391371340523884,0.9405797101449276,0.9397212711578338,2.780578900012188,0.0032086999854072,2.783787599997595,0.208991640273183,0.9895008051529792,success,nan
logical_dataset,L3,XOR,0,realmlp,4,1000,4,4,750,250,0.541,0.888,0.8917874396135266,0.88967903132808,0.8917874396135266,0.8879354508196722,14.140070799971,0.0880816999706439,14.228152499941643,0.2449971823881423,0.9728180354267312,success,nan
logical_dataset,L3,XOR,0,tabicl_v2,4,1000,4,4,750,250,0.541,0.924,0.9270531400966184,0.924347158218126,0.9270531400966184,0.923901376183534,0.9447494000196456,12.783419499988668,13.728168900008312,0.1838219876388594,0.982608695652174,success,nan
logical_dataset,L3,XOR,0,limix,4,1000,4,4,750,250,0.541,0.912,0.9127214170692431,0.9110270062223362,0.9127214170692431,0.9116380695328063,0.0001721999724395,4.678267700015567,4.678439899988007,0.4000962380476957,0.971851851851852,success,nan
logical_dataset,L3,XOR,0,tabpfn_v2,4,1000,4,4,750,250,0.541,0.836,0.8326892109500805,0.8367892540427752,0.8326892109500805,0.8340645286623173,0.5984158999635838,25.1606899999897,25.759105899953283,0.3779980063234948,0.9261191626409018,success,nan
logical_dataset,L3,XOR,0,tabpfn_v3,4,1000,4,4,750,250,0.541,0.924,0.9264090177133656,0.9237071172555044,0.9264090177133656,0.9238525785921544,1.6127568000229076,23.77152719994774,25.38428399997065,0.1874239244143742,0.98402576489533,success,nan
logical_dataset,L3,XOR,2,catboost,0,1000,4,6,750,250,0.495,0.888,0.8883128520225294,0.8903113741636645,0.8883128520225294,0.8878851944391057,2.604668000014499,0.0069517000229097,2.6116197000374086,0.3686166413474511,0.9651817716333846,success,nan
logical_dataset,L3,XOR,2,realmlp,0,1000,4,6,750,250,0.495,0.92,0.9200588837685612,0.9200588837685612,0.9200588837685612,0.92,13.265989599982277,0.0874273999943398,13.353416999976616,0.2531198506518128,0.9767025089605734,success,nan
logical_dataset,L3,XOR,2,tabicl_v2,0,1000,4,6,750,250,0.495,0.716,0.7166538658474142,0.7223316912972085,0.7166538658474142,0.714350086097298,0.8279005999793299,15.405394900008105,16.233295499987435,0.5906202307555906,0.8101638504864312,success,nan
logical_dataset,L3,XOR,2,limix,0,1000,4,6,750,250,0.495,0.588,0.5874935995903738,0.5889452794586505,0.5874935995903738,0.5860860619504589,0.0001744999899528,5.985295000020415,5.985469500010368,0.67662249349896,0.6662186379928314,success,nan
logical_dataset,L3,XOR,2,tabpfn_v2,0,1000,4,6,750,250,0.495,0.824,0.8245647721454172,0.83065988523735,0.8245647721454172,0.8232761390656127,0.3467731999699026,30.155630799999926,30.50240399996983,0.48059021386978,0.9358038914490528,success,nan
logical_dataset,L3,XOR,2,tabpfn_v3,0,1000,4,6,750,250,0.495,0.668,0.6666026625704045,0.6901526773321645,0.6666026625704045,0.6568830095080611,1.3766728999908082,22.53948209999362,23.91615499998443,0.6826904325128371,0.7756656426011266,success,nan
logical_dataset,L3,XOR,2,catboost,1,1000,4,6,750,250,0.477,0.816,0.8167297453332478,0.8160000000000001,0.8167297453332478,0.8158939549180328,3.294868500030134,0.0065090999705716,3.3013776000007056,0.4613525615413699,0.8819680543973315,success,nan
logical_dataset,L3,XOR,2,realmlp,1,1000,4,6,750,250,0.477,0.864,0.8629161588299442,0.8644122383252818,0.8629161588299442,0.863440652914337,13.548336200008634,0.0869674999848939,13.635303699993528,0.4043063301874057,0.9516325614215152,success,nan
logical_dataset,L3,XOR,2,tabicl_v2,1,1000,4,6,750,250,0.477,0.664,0.6609147475784207,0.6639435331024116,0.6609147475784207,0.6608746205025515,0.936768800020218,13.72149610001361,14.658264900033828,0.6373352333924391,0.7042145102315736,success,nan
logical_dataset,L3,XOR,2,limix,1,1000,4,6,750,250,0.477,0.792,0.7888254538456604,0.7957307060755336,0.7888254538456604,0.7897256728778468,0.0002016000216826,6.454662800009828,6.454864400031511,0.5672447496547321,0.8734363974597473,success,nan
logical_dataset,L3,XOR,2,tabpfn_v2,1,1000,4,6,750,250,0.477,0.848,0.8476489832574251,0.8476489832574251,0.8476489832574251,0.8476489832574251,0.4096995000145398,29.83000339998398,30.23970289999852,0.4819002844217907,0.9261658862018092,success,nan
logical_dataset,L3,XOR,2,tabpfn_v3,1,1000,4,6,750,250,0.477,0.58,0.5726794534607736,0.5803318207600681,0.5726794534607736,0.565936337329475,1.386285099957604,23.516751700022724,24.903036799980327,0.6768855930235446,0.619346975431394,success,nan
logical_dataset,L3,XOR,2,catboost,2,1000,4,6,750,250,0.497,0.856,0.8560547875064004,0.8560547875064004,0.8560547875064004,0.856,3.2823631999781355,0.0045827999711036,3.286945999949239,0.4360364683026227,0.913978494623656,success,nan
logical_dataset,L3,XOR,2,realmlp,2,1000,4,6,750,250,0.497,0.872,0.8720558115719406,0.8720558115719406,0.8720558115719406,0.872,13.68112059996929,0.0875068000168539,13.768627399986144,0.2894341478462346,0.9499487967229904,success,nan
logical_dataset,L3,XOR,2,tabicl_v2,2,1000,4,6,750,250,0.497,0.648,0.6479774705581157,0.6479774705581157,0.6479774705581157,0.6479774705581157,0.8301215999526903,13.458684500015806,14.288806099968497,0.6681584424260254,0.6860599078341014,success,nan
logical_dataset,L3,XOR,2,limix,2,1000,4,6,750,250,0.497,0.724,0.7235663082437276,0.7263918594853846,0.7235663082437276,0.7230028101164191,0.0001333000254817,6.30415699997684,6.304290300002322,0.6159499982392098,0.798515104966718,success,nan
logical_dataset,L3,XOR,2,tabpfn_v2,2,1000,4,6,750,250,0.497,0.784,0.7840501792114696,0.7840501792114696,0.7840501792114696,0.784,0.4127139000338502,33.47724969999399,33.88996360002784,0.5906639579620356,0.850678443420379,success,nan
logical_dataset,L3,XOR,2,tabpfn_v3,2,1000,4,6,750,250,0.497,0.648,0.6474654377880185,0.6502347417840375,0.6474654377880185,0.646165723108595,1.4218994999537244,22.260370300034992,23.68226979998872,0.6659951671742397,0.7175179211469533,success,nan
logical_dataset,L3,XOR,2,catboost,3,1000,4,6,750,250,0.483,0.836,0.8351912358254853,0.8365928975810601,0.8351912358254853,0.8355553416438048,2.6125191999599338,0.0072954000206664,2.6198145999806,0.4357956183845442,0.919661733615222,success,nan
logical_dataset,L3,XOR,2,realmlp,3,1000,4,6,750,250,0.483,0.888,0.8871164072009738,0.8892109500805153,0.8871164072009738,0.8876476630713919,21.225494100013748,0.1172609999775886,21.342755099991336,0.30090225448546,0.9586136203472356,success,nan
logical_dataset,L3,XOR,2,tabicl_v2,3,1000,4,6,750,250,0.483,0.516,0.5,0.258,0.5,0.3403693931398417,1.672265300003346,14.075741000007838,15.748006300011184,0.6904850252750354,0.5981164712665769,success,nan
logical_dataset,L3,XOR,2,limix,3,1000,4,6,750,250,0.483,0.756,0.7535716573771543,0.7606691253951527,0.7535716573771543,0.7535353535353535,0.0001853999565355,6.188081400003284,6.18826679995982,0.625852589349822,0.8564289832788776,success,nan
logical_dataset,L3,XOR,2,tabpfn_v2,3,1000,4,6,750,250,0.483,0.832,0.8295214299442629,0.8397067564890034,0.8295214299442629,0.8301630434782609,0.842408099968452,32.06714370002737,32.909551799995825,0.5646531690699421,0.915241206995964,success,nan
logical_dataset,L3,XOR,2,tabpfn_v3,3,1000,4,6,750,250,0.483,0.516,0.5,0.258,0.5,0.3403693931398417,2.4199780999915674,24.99352899997029,27.413507099961866,0.6923670344313021,0.5287334230251778,success,nan
logical_dataset,L3,XOR,2,catboost,4,1000,4,6,750,250,0.541,0.808,0.808695652173913,0.8070344032289064,0.808695652173913,0.8073959938366718,3.462186800024938,0.0032422000076621,3.4654290000326,0.4501114407877193,0.9015136876006442,success,nan
logical_dataset,L3,XOR,2,realmlp,4,1000,4,6,750,250,0.541,0.9,0.9022544283413848,0.8997055811571941,0.9022544283413848,0.899806024463361,14.42871050001122,0.0911170999752357,14.519827599986456,0.2618015971443898,0.9699838969404186,success,nan
logical_dataset,L3,XOR,2,tabicl_v2,4,1000,4,6,750,250,0.541,0.884,0.8835748792270531,0.8831060216160577,0.8835748792270531,0.8833260915045302,0.977117900038138,14.50186170003144,15.47897960006958,0.3021825110131001,0.9571658615136877,success,nan
logical_dataset,L3,XOR,2,limix,4,1000,4,6,750,250,0.541,0.792,0.7925925925925926,0.7910180024344929,0.7925925925925926,0.7913456599897277,0.0001969000441022,7.3822745999787,7.382471500022802,0.5131548389567897,0.9031239935587762,success,nan
logical_dataset,L3,XOR,2,tabpfn_v2,4,1000,4,6,750,250,0.541,0.764,0.7499194847020934,0.79340592861464,0.7499194847020934,0.7500804825564649,0.7150371000170708,33.56653549999464,34.281572600011714,0.5982774499976019,0.8667954911433172,success,nan
logical_dataset,L3,XOR,2,tabpfn_v3,4,1000,4,6,750,250,0.541,0.928,0.9262479871175524,0.9289001231447276,0.9262479871175524,0.9273302758219752,2.9262851999956183,26.87618510000175,29.802470299997367,0.4219361983543193,0.978486312399356,success,nan
logical_dataset,L3,XOR,4,catboost,0,1000,4,8,750,250,0.495,0.7,0.6999487967229903,0.699987196722361,0.6999487967229903,0.6999567937783041,3.307063799991738,0.0119660000200383,3.3190298000117764,0.5456402544847166,0.8092037890424987,success,nan
logical_dataset,L3,XOR,4,realmlp,0,1000,4,8,750,250,0.495,0.808,0.8083717357910907,0.8107585139318885,0.8083717357910907,0.8076923076923077,16.47387039999012,0.0876571999979205,16.56152759998804,0.4438208458911542,0.8872247823860727,success,nan
logical_dataset,L3,XOR,4,tabicl_v2,0,1000,4,8,750,250,0.495,0.564,0.5635560675883257,0.5643593233521291,0.5635560675883257,0.5624247290244881,1.2676937999785878,15.19697410002118,16.464667899999768,0.6853792025921659,0.5799411162314388,success,nan
logical_dataset,L3,XOR,4,limix,0,1000,4,8,750,250,0.495,0.56,0.5584357398873527,0.5690411373260738,0.5584357398873527,0.5416666666666666,0.000257900042925,7.628233499999624,7.628491400042549,0.6908717261159515,0.5635560675883255,success,nan
logical_dataset,L3,XOR,4,tabpfn_v2,0,1000,4,8,750,250,0.495,0.792,0.7919226830517153,0.7920722336065573,0.7919226830517153,0.7919467383650214,0.465338799986057,38.381737200019415,38.84707600000547,0.6224445330699304,0.8674475166410651,success,nan
logical_dataset,L3,XOR,4,tabpfn_v3,0,1000,4,8,750,250,0.495,0.524,0.5206093189964157,0.5733652312599681,0.5206093189964157,0.4172494172494172,2.2271898999460973,25.413725200050976,27.640915099997077,0.6922250379689857,0.5625960061443932,success,nan
logical_dataset,L3,XOR,4,catboost,1,1000,4,8,750,250,0.477,0.652,0.6517736865738661,0.6515112704918034,0.6517736865738661,0.6515484067351287,3.496565999987069,0.0152173999813385,3.511783399968408,0.5713020456556819,0.7677208287895312,success,nan
logical_dataset,L3,XOR,4,realmlp,1,1000,4,8,750,250,0.477,0.548,0.5456090833279876,0.546001552795031,0.5456090833279876,0.5453740806900658,15.629721999983303,0.1103497000294737,15.740071700012775,0.7116121960358047,0.5294759125024054,success,nan
logical_dataset,L3,XOR,4,tabicl_v2,1,1000,4,8,750,250,0.477,0.564,0.5628006927962024,0.5628531073446328,0.5628006927962024,0.5628178594920665,1.3465345000149682,15.784539399959613,17.13107389997458,0.6849072022752419,0.574700109051254,success,nan
logical_dataset,L3,XOR,4,limix,1,1000,4,8,750,250,0.477,0.544,0.5367887613060491,0.5404414357238558,0.5367887613060491,0.5294234198533783,0.0001373999984934,7.864788600010797,7.864926000009291,0.6859031057204702,0.5634100968631728,success,nan
logical_dataset,L3,XOR,4,tabpfn_v2,1,1000,4,8,750,250,0.477,0.724,0.7197062030919238,0.7283333333333333,0.7197062030919238,0.7196899527129137,0.5631715999916196,37.9525319999666,38.515703599958215,0.6387437211700348,0.7834370389377125,success,nan
logical_dataset,L3,XOR,4,tabpfn_v3,1,1000,4,8,750,250,0.477,0.552,0.5436525755340305,0.5497114471473445,0.5436525755340305,0.5333333333333333,1.7098918000119738,28.460230199969374,30.170121999981347,0.6834819690776927,0.5795753415870165,success,nan
logical_dataset,L3,XOR,4,catboost,2,1000,4,8,750,250,0.497,0.7,0.700268817204301,0.7010796221322537,0.700268817204301,0.6997646154585195,3.23474519996671,0.002944000007119,3.237689199973829,0.5650409863829048,0.7811699948796722,success,nan
logical_dataset,L3,XOR,4,realmlp,2,1000,4,8,750,250,0.497,0.484,0.481310803891449,0.4659236783755397,0.481310803891449,0.4165535956580732,15.045948699989822,0.0888051000074483,15.13475379999727,0.7364414755990913,0.4791346646185356,success,nan
logical_dataset,L3,XOR,4,tabicl_v2,2,1000,4,8,750,250,0.497,0.52,0.5190092165898618,0.5202536824877251,0.5190092165898618,0.5120046847550264,0.8242956000030972,18.452130799996667,19.276426399999764,0.6976831735877917,0.4841269841269841,success,nan
logical_dataset,L3,XOR,4,limix,2,1000,4,8,750,250,0.497,0.54,0.5393625192012289,0.5403940886699508,0.5393625192012289,0.5367311751720137,0.0001256999676115,7.812773000041489,7.8128987000091,0.6927410336913777,0.5387224782386073,success,nan
logical_dataset,L3,XOR,4,tabpfn_v2,2,1000,4,8,750,250,0.497,0.556,0.5550435227854583,0.5584040747028862,0.5550435227854583,0.5490664456686004,0.4116811000276357,43.805491099949,44.21717219997663,0.6887330545663131,0.5950460829493087,success,nan
logical_dataset,L3,XOR,4,tabpfn_v3,2,1000,4,8,750,250,0.497,0.52,0.517537122375832,0.5282590759075907,0.517537122375832,0.4682359614293817,1.520230200025253,28.507223000051454,30.027453200076707,0.6930277668377469,0.5227854582693292,success,nan
logical_dataset,L3,XOR,4,catboost,3,1000,4,8,750,250,0.483,0.696,0.6941508104298801,0.6971826403799857,0.6941508104298801,0.6940418679549114,3.2983839000226,0.0294226999976672,3.327806600020267,0.5659148216435589,0.7834582612595298,success,nan
logical_dataset,L3,XOR,4,realmlp,3,1000,4,8,750,250,0.483,0.748,0.7483823435197643,0.7481438812083974,0.7483823435197643,0.7479637067737754,17.130288899992593,0.0843022000044584,17.21459109999705,1.0094025862883935,0.8354474982381959,success,nan
logical_dataset,L3,XOR,4,tabicl_v2,3,1000,4,8,750,250,0.483,0.536,0.5301428662950862,0.5348286327633429,0.5301428662950862,0.5166666666666666,0.812668600003235,15.84412570000859,16.656794300011825,0.6883186388947413,0.5582036004868987,success,nan
logical_dataset,L3,XOR,4,limix,3,1000,4,8,750,250,0.483,0.516,0.5,0.258,0.5,0.3403693931398417,0.0001881999778561,10.335812800040005,10.33600100001786,0.6928867427685306,0.4694086744826703,success,nan
logical_dataset,L3,XOR,4,tabpfn_v2,3,1000,4,8,750,250,0.483,0.516,0.5,0.258,0.5,0.3403693931398417,0.3476518000243231,39.63834050000878,39.985992300033104,0.6887838309951361,0.6365558331731693,success,nan
logical_dataset,L3,XOR,4,tabpfn_v3,3,1000,4,8,750,250,0.483,0.516,0.5,0.258,0.5,0.3403693931398417,1.406124200031627,25.679883800039534,27.08600800007116,0.6932249578233721,0.5091293484528157,success,nan
logical_dataset,L3,XOR,4,catboost,4,1000,4,8,750,250,0.541,0.748,0.7466988727858292,0.7463973237261966,0.7466988727858292,0.7465359918891518,3.397082099982072,0.0142433000146411,3.411325399996713,0.5294154977075026,0.8150724637681159,success,nan
logical_dataset,L3,XOR,4,realmlp,4,1000,4,8,750,250,0.541,0.464,0.452818035426731,0.449374524846223,0.452818035426731,0.446866125090813,13.813895500032231,0.1092262999736704,13.923121800005902,0.724366636919497,0.4518518518518518,success,nan
logical_dataset,L3,XOR,4,tabicl_v2,4,1000,4,8,750,250,0.541,0.572,0.5392914653784219,0.6216108452950557,0.5392914653784219,0.4621061309846976,0.9947488000034356,15.446308200014755,16.44105700001819,0.6940035139796796,0.5015136876006441,success,nan
logical_dataset,L3,XOR,4,limix,4,1000,4,8,750,250,0.541,0.54,0.5,0.27,0.5,0.3506493506493506,0.000238700013142,9.390932499954944,9.391171199968085,0.6906641271809624,0.4791626409017713,success,nan
logical_dataset,L3,XOR,4,tabpfn_v2,4,1000,4,8,750,250,0.541,0.768,0.750402576489533,0.8232848232848233,0.750402576489533,0.7482638888888888,0.424705300014466,38.314565099950414,38.73927039996488,0.6334977898827326,0.8886312399355878,success,nan
logical_dataset,L3,XOR,4,tabpfn_v3,4,1000,4,8,750,250,0.541,0.54,0.5,0.27,0.5,0.3506493506493506,1.7223571999929843,25.835879800026305,27.55823700001929,0.6911197523432993,0.4551368760064412,success,nan
logical_dataset,L3,XOR,8,catboost,0,1000,4,12,750,250,0.495,0.584,0.5839093701996928,0.583952356557377,0.5839093701996928,0.5838934767300429,3.257218499958981,0.0055947999935597,3.2628132999525405,0.7086083967940108,0.596326164874552,success,nan
logical_dataset,L3,XOR,8,realmlp,0,1000,4,12,750,250,0.495,0.544,0.5446748591909882,0.5459694415173868,0.5446748591909882,0.5410628019323671,13.163591299962718,0.0904965000227093,13.254087799985427,0.7378564574318336,0.5417306707629288,success,nan
logical_dataset,L3,XOR,8,tabicl_v2,0,1000,4,12,750,250,0.495,0.544,0.5438428059395801,0.5439102564102564,0.5438428059395801,0.5437371926229508,0.9984540999867022,21.83565660001477,22.834110700001474,0.682572033297591,0.5838453661034306,success,nan
logical_dataset,L3,XOR,8,limix,0,1000,4,12,750,250,0.495,0.508,0.5074244751664106,0.5075812038428861,0.5074244751664106,0.5051416984502486,0.0002345999819226,11.699157099996228,11.69939169997815,0.6901920855311962,0.5431387608806963,success,nan
logical_dataset,L3,XOR,8,tabpfn_v2,0,1000,4,12,750,250,0.495,0.544,0.5428827444956477,0.5465277777777777,0.5428827444956477,0.5343441605123848,0.5804005999816582,57.758131799986586,58.33853239996824,0.6909888657756028,0.5536354326676908,success,nan
logical_dataset,L3,XOR,8,tabpfn_v3,0,1000,4,12,750,250,0.495,0.5,0.4987839221710189,0.4986601791128975,0.4987839221710189,0.4875284934157661,7.917227400001138,32.47163849999197,40.38886589999311,0.6931362143686547,0.5224654377880185,success,nan
logical_dataset,L3,XOR,8,catboost,1,1000,4,12,750,250,0.477,0.544,0.5414074026557187,0.5418368008296066,0.5414074026557187,0.5410628019323671,3.5248660999932326,0.0204268000088632,3.545292900002096,0.7190185786267064,0.5723266405798961,success,nan
logical_dataset,L3,XOR,8,realmlp,1,1000,4,12,750,250,0.477,0.528,0.5184424915004169,0.5219047619047619,0.5184424915004169,0.5030658311434539,16.453513699991163,0.1224808000260964,16.57599450001726,0.6861434237770313,0.5754698826095324,success,nan
logical_dataset,L3,XOR,8,tabicl_v2,1,1000,4,12,750,250,0.477,0.496,0.4944512156007441,0.4944412312833365,0.4944512156007441,0.4944144838212634,1.1897245000000112,17.88017099996796,19.06989549996797,0.6939754258505152,0.5435884277375072,success,nan
logical_dataset,L3,XOR,8,limix,1,1000,4,12,750,250,0.477,0.524,0.5177047918404003,0.5189873417721519,0.5177047918404003,0.5121271257318093,0.0002895999932661,11.654586700024083,11.65487630001735,0.6860080378235264,0.5598178202578741,success,nan
logical_dataset,L3,XOR,8,tabpfn_v2,1,1000,4,12,750,250,0.477,0.556,0.5490089165437168,0.5535914702581369,0.5490089165437168,0.5424642627491715,0.5226174000417814,62.31447260000277,62.83709000004456,0.6839080483155535,0.5761113605747643,success,nan
logical_dataset,L3,XOR,8,tabpfn_v3,1,1000,4,12,750,250,0.477,0.544,0.5321701199563795,0.5425685425685425,0.5321701199563795,0.5075679037943188,2.0262126000016,31.789323700009845,33.815536300011445,0.6851812938243238,0.5742510744755916,success,nan
logical_dataset,L3,XOR,8,catboost,2,1000,4,12,750,250,0.497,0.596,0.5961981566820276,0.5964141381743537,0.5961981566820276,0.5958383353341337,3.4921499000047334,0.0050236000097356,3.497173500014469,0.6901138563806859,0.6290962621607784,success,nan
logical_dataset,L3,XOR,8,realmlp,2,1000,4,12,750,250,0.497,0.544,0.5426267281105991,0.5483449477351916,0.5426267281105991,0.5294234198533783,15.436884000024293,0.0968666999833658,15.533750700007658,0.6948682689783696,0.5471710189452126,success,nan
logical_dataset,L3,XOR,8,tabicl_v2,2,1000,4,12,750,250,0.497,0.512,0.5124167946748592,0.5125517598343685,0.5124167946748592,0.5108730515106806,0.9579974000225776,19.017185600008816,19.975183000031397,0.693210599526388,0.5250256016385048,success,nan
logical_dataset,L3,XOR,8,limix,2,1000,4,12,750,250,0.497,0.528,0.52784178187404,0.5278846153846154,0.52784178187404,0.5277279713114754,0.0001652999781072,11.170947499980684,11.171112799958792,0.692941916616164,0.5209933435739886,success,nan
logical_dataset,L3,XOR,8,tabpfn_v2,2,1000,4,12,750,250,0.497,0.54,0.5380184331797235,0.5504201680672269,0.5380184331797235,0.5088072986964173,0.7475799000239931,55.89483130001463,56.64241120003862,0.6929140877507566,0.5232974910394266,success,nan
logical_dataset,L3,XOR,8,tabpfn_v3,2,1000,4,12,750,250,0.497,0.544,0.5425627240143369,0.5488970588235293,0.5425627240143369,0.5280206677265501,2.378834299976006,31.48115940002026,33.85999369999627,0.6927556252533487,0.5340501792114696,success,nan
logical_dataset,L3,XOR,8,catboost,3,1000,4,12,750,250,0.483,0.652,0.6494650522134666,0.6536485774499473,0.6494650522134666,0.6484848484848484,3.4858455999637954,0.0083492000121623,3.4941947999759577,0.6292933093657416,0.7028637324620411,success,nan
logical_dataset,L3,XOR,8,realmlp,3,1000,4,12,750,250,0.483,0.536,0.5332180152476136,0.534244765867512,0.5332180152476136,0.5309265010351967,14.136365300044416,0.0929203000268898,14.229285600071307,0.7222144184601406,0.497597539880838,success,nan
logical_dataset,L3,XOR,8,tabicl_v2,3,1000,4,12,750,250,0.483,0.512,0.5035556409763599,0.5049250155293283,0.5035556409763599,0.4704861111111111,0.9988344999728724,19.45001480000792,20.448849299980797,0.694704839733637,0.48907681465821,success,nan
logical_dataset,L3,XOR,8,limix,3,1000,4,12,750,250,0.483,0.512,0.497405343071305,0.4845949030049448,0.497405343071305,0.3721179183135705,0.0001324000186286,13.536397000018042,13.53652940003667,0.693561051396206,0.4891408802613877,success,nan
logical_dataset,L3,XOR,8,tabpfn_v2,3,1000,4,12,750,250,0.483,0.512,0.49612403100775193,0.2570281124497992,0.49612403100775193,0.3386243386243386,0.41910009999992326,61.57797499996377,61.997075099963695,0.6930699386706151,0.48645012492792616,success,
logical_dataset,L3,XOR,8,tabpfn_v3,3,1000,4,12,750,250,0.483,0.516,0.5,0.258,0.5,0.3403693931398417,1.872218000004068,30.209140299994033,32.0813582999981,0.6928688278690806,0.48625792811839325,success,
logical_dataset,L3,XOR,8,catboost,4,1000,4,12,750,250,0.541,0.564,0.5550724637681159,0.5578327922077921,0.5550724637681159,0.5531248462585481,4.142820800014306,0.05943940003635362,4.2022602000506595,0.716966045249642,0.5527214170692432,success,
logical_dataset,L3,XOR,8,realmlp,4,1000,4,12,750,250,0.541,0.492,0.4948470209339775,0.49485331960885226,0.4948470209339775,0.4919918718699499,14.1651643999503,0.08373569999821484,14.248900099948514,0.732252704032911,0.4878582930756844,success,
logical_dataset,L3,XOR,8,tabicl_v2,4,1000,4,12,750,250,0.541,0.532,0.5061191626409017,0.5104810238305384,0.5061191626409017,0.46052121949869973,1.0127688000211492,19.016810700006317,20.029579500027467,0.694216399145453,0.5049919484702095,success,
logical_dataset,L3,XOR,8,limix,4,1000,4,12,750,250,0.541,0.54,0.5,0.27,0.5,0.35064935064935066,0.00018390000332146883,11.912148699979298,11.91233259998262,0.6906983536256341,0.4801932367149759,success,
logical_dataset,L3,XOR,8,tabpfn_v2,4,1000,4,12,750,250,0.541,0.54,0.5,0.27,0.5,0.35064935064935066,0.4448598999879323,54.81043830001727,55.2552982000052,0.6896864177397146,0.5093075684380033,success,
logical_dataset,L3,XOR,8,tabpfn_v3,4,1000,4,12,750,250,0.541,0.54,0.5,0.27,0.5,0.35064935064935066,1.7629379000281915,30.926453899999615,32.689391800027806,0.6903747730588771,0.48444444444444446,success,
