task,model,n_features,n_train,n_test,seed,status,metric_primary_name,metric_primary,metric_secondary_name,metric_secondary,fit_seconds,predict_seconds,error
regression,tabpfn_v2_5,100,100,500,0,ok,r2,0.9896374291219279,rmse,17.709170702528166,0.35265591694042087,4.925361125031486,
regression,tabpfn_v3,100,100,500,0,ok,r2,0.8629605103084593,rmse,64.40021741718326,0.5114497500471771,3.4460782089736313,
regression,tabicl_v2,100,100,500,0,ok,r2,0.880536922371835,rmse,60.128631089455126,0.3394793749321252,4.762942750006914,
regression,tabpfn_v2_5,100,100,500,1,ok,r2,0.99096252842339,rmse,14.820494593990633,0.19160429202020168,5.157987707993016,
regression,tabpfn_v3,100,100,500,1,ok,r2,0.8310717513847734,rmse,64.07525818696779,0.4882629580097273,3.142212125007063,
regression,tabicl_v2,100,100,500,1,ok,r2,0.8942863798789551,rmse,50.68794656490311,0.3809696250827983,5.62163712491747,
regression,tabpfn_v2_5,100,100,500,2,ok,r2,0.9890035135004195,rmse,16.922981090626497,0.28751987498253584,4.933727000025101,
regression,tabpfn_v3,100,100,500,2,ok,r2,0.9732076077255061,rmse,26.415305822485692,0.4302677910309285,3.145657915971242,
regression,tabicl_v2,100,100,500,2,ok,r2,0.9612788629241948,rmse,31.755865042488967,0.34794070897623897,5.404847375000827,
regression,tabpfn_v2_5,200,100,500,0,ok,r2,0.9555136110160034,rmse,53.3925120905807,0.2239990410162136,9.406715083983727,
regression,tabpfn_v3,200,100,500,0,ok,r2,0.6630810938799605,rmse,146.93642467862344,0.7669075829908252,6.352968666004017,
regression,tabicl_v2,200,100,500,0,ok,r2,0.537932103885075,rmse,172.07575148478628,0.6862166250357404,10.59964074997697,
regression,tabpfn_v2_5,200,100,500,1,ok,r2,0.9695249196645611,rmse,41.908893354450925,0.2272866249550134,9.278714791988023,
regression,tabpfn_v3,200,100,500,1,ok,r2,0.7949755929112046,rmse,108.7017524699576,0.5125720830401406,6.0369995420333,
regression,tabicl_v2,200,100,500,1,ok,r2,0.6702626050757834,rmse,137.85352148521275,0.6890534589765593,10.89364270796068,
regression,tabpfn_v2_5,200,100,500,2,ok,r2,0.9434217316105895,rmse,59.36339285680895,0.21883533289656043,9.747741667088121,
regression,tabpfn_v3,200,100,500,2,ok,r2,0.7130233976084346,rmse,133.69560586944576,0.6270085419528186,6.207736499956809,
regression,tabicl_v2,200,100,500,2,ok,r2,0.593416955690806,rmse,159.13603042458095,0.7409217089880258,11.40599724999629,
regression,tabpfn_v2_5,500,100,500,0,ok,r2,0.2179466903895162,rmse,355.9541014538523,0.36149991606362164,16.737824958050624,
regression,tabpfn_v3,500,100,500,0,ok,r2,0.1349380017774655,rmse,374.3686206799699,0.4998276249971241,13.829729833989404,
regression,tabicl_v2,500,100,500,0,ok,r2,0.10617466830435862,rmse,380.54161034284215,1.4154935829574242,33.94318887509871,
regression,tabpfn_v2_5,500,100,500,1,ok,r2,0.20933256202870876,rmse,388.7418970882014,0.35425679106265306,19.578290500096045,
regression,tabpfn_v3,500,100,500,1,ok,r2,0.1866091902141328,rmse,394.2884483049915,0.4079605840379372,14.438398999976926,
regression,tabicl_v2,500,100,500,1,ok,r2,0.2397444067447112,rmse,381.19240136497183,1.1412043750751764,31.011263124994002,
regression,tabpfn_v2_5,500,100,500,2,ok,r2,0.1079586073035792,rmse,410.08441004771663,0.3087457501096651,20.22105425002519,
regression,tabpfn_v3,500,100,500,2,ok,r2,0.09478029338991356,rmse,413.10243577719444,0.5372082500252873,14.272600999916904,
regression,tabicl_v2,500,100,500,2,ok,r2,0.13917212008253166,rmse,402.8458720760276,1.1955010829260573,31.40007179195527,
regression,xgboost,100,100,500,0,ok,r2,0.41848538688469705,rmse,132.66146335146584,0.18629116599913687,0.001310582971200347,
regression,xgboost,100,100,500,1,ok,r2,0.4066071261569817,rmse,120.09097984421273,0.15054900001268834,0.0004622080596163869,
regression,xgboost,100,100,500,2,ok,r2,0.5077355557572589,rmse,113.22677317172632,0.15233425004407763,0.00047999992966651917,
regression,xgboost,200,100,500,0,ok,r2,0.20316007858777552,rmse,225.97079794186143,0.23048850009217858,0.0005127500044181943,
regression,xgboost,200,100,500,1,ok,r2,0.24677688193456004,rmse,208.35099746088872,0.17768112500198185,0.0005696660373359919,
regression,xgboost,200,100,500,2,ok,r2,0.262172465388414,rmse,214.37360836575778,0.1734944999916479,0.0005483749555423856,
regression,xgboost,500,100,500,0,ok,r2,-0.018102706043473304,rmse,406.1361225080185,0.2576768749859184,0.0005866669816896319,
regression,xgboost,500,100,500,1,ok,r2,0.12115807085699803,rmse,409.84515674403104,0.2698258750606328,0.0005977499531581998,
regression,xgboost,500,100,500,2,ok,r2,-0.017533514896936442,rmse,437.9808449204136,0.26166175003163517,0.000595416990108788,
regression,tabpfn_v2_5,100,100,500,0,ok,r2,0.9896374291219279,rmse,17.709170702528166,0.48707137489691377,5.2971447500167415,
regression,tabpfn_v3,100,100,500,0,ok,r2,0.8629605103084593,rmse,64.40021741718326,0.7717955840053037,3.799479249981232,
regression,tabicl_v2,100,100,500,0,ok,r2,0.8805369231724058,rmse,60.12863088798187,0.4070457499474287,7.655534457997419,
regression,tabpfn_v2_5,100,100,500,1,ok,r2,0.99096252842339,rmse,14.820494593990633,0.33635995897930115,5.534731083898805,
regression,tabpfn_v3,100,100,500,1,ok,r2,0.8310717513847734,rmse,64.07525818696779,0.6867404580116272,3.5569455000804737,
regression,tabicl_v2,100,100,500,1,ok,r2,0.8942863801383559,rmse,50.687946502713885,0.4681262500816956,7.210048375069164,
regression,tabpfn_v2_5,100,100,500,2,ok,r2,0.9890035135004195,rmse,16.922981090626497,0.31952699995599687,5.575788832968101,
regression,tabpfn_v3,100,100,500,2,ok,r2,0.9732076077255061,rmse,26.415305822485692,0.5247757500037551,3.6250027921050787,
regression,tabicl_v2,100,100,500,2,ok,r2,0.9612788639448048,rmse,31.75586462397917,0.4813088329974562,6.929575667018071,
regression,tabpfn_v2_5,200,100,500,0,ok,r2,0.9555504023961072,rmse,53.370429038113336,0.2549256250495091,11.646914833923802,
regression,tabpfn_v3,200,100,500,0,ok,r2,0.6630810938799605,rmse,146.93642467862344,1.9758946250658482,9.796433874987997,
regression,tabicl_v2,200,100,500,0,ok,r2,0.537932100528001,rmse,172.07575210987952,0.6355489590205252,15.184304459020495,
regression,tabpfn_v2_5,200,100,500,1,ok,r2,0.9695249196645611,rmse,41.908893354450925,0.4624963749665767,32.29532858298626,
regression,tabpfn_v3,200,100,500,1,ok,r2,0.7949755929112046,rmse,108.7017524699576,1.0077216669451445,18.548814874957316,
regression,tabicl_v2,200,100,500,1,ok,r2,0.6702626022261717,rmse,137.85352208088224,1.9907266659429297,21.89956962503493,
regression,tabpfn_v2_5,200,100,500,2,ok,r2,0.9434217316105895,rmse,59.36339285680895,0.40925662498921156,25.357093416969292,
regression,tabpfn_v3,200,100,500,2,ok,r2,0.7130233976084346,rmse,133.69560586944576,5.3079032090026885,16.508110207971185,
regression,tabicl_v2,200,100,500,2,ok,r2,0.5934169532560973,rmse,159.13603090105173,1.0773682500002906,16.98412354197353,
regression,tabpfn_v2_5,500,100,500,0,ok,r2,0.2177566755567546,rmse,355.99734176133967,0.4461250000167638,39.29146987502463,
regression,tabpfn_v3,500,100,500,0,ok,r2,0.1349380017774655,rmse,374.3686206799699,1.308561332989484,30.236828375025652,
regression,tabicl_v2,500,100,500,0,ok,r2,0.1061746673791929,rmse,380.5416105397845,5.661056167096831,65.46224433300085,
regression,tabpfn_v2_5,500,100,500,1,ok,r2,0.20933256202870876,rmse,388.7418970882014,1.0358815410872921,49.514185999985784,
regression,tabpfn_v3,500,100,500,1,ok,r2,0.1866091902141328,rmse,394.2884483049915,1.2871354579692706,33.75787337508518,
regression,tabicl_v2,500,100,500,1,ok,r2,0.23974441176594263,rmse,381.19240010614834,1.812110541970469,59.99294033308979,
regression,tabpfn_v2_5,500,100,500,2,ok,r2,0.10863749175172954,rmse,409.92833381648063,0.48258337506558746,26.6024321669247,
regression,tabpfn_v3,500,100,500,2,ok,r2,0.09478029338991356,rmse,413.10243577719444,1.2120108749950305,22.958981583011337,
regression,tabicl_v2,500,100,500,2,ok,r2,0.1391721232709361,rmse,402.8458713299809,2.5165336669888347,51.49944162496831,
regression,xgboost,100,100,500,0,ok,r2,0.41848538688469705,rmse,132.66146335146584,0.14739520801231265,0.0011189579963684082,
regression,xgboost,100,100,500,1,ok,r2,0.4066071261569817,rmse,120.09097984421273,0.13074237492401153,0.0005096669774502516,
regression,xgboost,100,100,500,2,ok,r2,0.5077355557572589,rmse,113.22677317172632,0.13120524992700666,0.00048762501683086157,
regression,xgboost,200,100,500,0,ok,r2,0.20316007858777552,rmse,225.97079794186143,0.1535857089329511,0.0004970000591129065,
regression,xgboost,200,100,500,1,ok,r2,0.24677688193456004,rmse,208.35099746088872,0.15703129197936505,0.0004917909391224384,
regression,xgboost,200,100,500,2,ok,r2,0.262172465388414,rmse,214.37360836575778,0.15419574989937246,0.00043875002302229404,
regression,xgboost,500,100,500,0,ok,r2,-0.018102706043473304,rmse,406.1361225080185,0.22719624999444932,0.0005288340616971254,
regression,xgboost,500,100,500,1,ok,r2,0.12115807085699803,rmse,409.84515674403104,0.24235175002831966,0.0006792499916628003,
regression,xgboost,500,100,500,2,ok,r2,-0.017533514896936442,rmse,437.9808449204136,0.24514841695781797,0.0005538329714909196,
