experiment,task,model,n_features,depth,ood,n_train,n_test,seed,status,metric_primary_name,metric_primary,metric_secondary_name,metric_secondary,fit_seconds,predict_seconds,error
1_base,classification,tabpfn_v2_5,50,5,False,100,500,0,ok,accuracy,0.71,roc_auc,0.769398267765157,0.28534212498925626,2.6661080839694478,
1_base,classification,tabpfn_v3,50,5,False,100,500,0,ok,accuracy,0.71,roc_auc,0.7445847348835697,0.46402787504484877,1.7197163340169936,
1_base,classification,tabicl_v2,50,5,False,100,500,0,ok,accuracy,0.692,roc_auc,0.7188937096800405,0.2623754999949597,3.197411999979522,
1_base,classification,tabpfn_v2_5,100,5,False,100,500,0,ok,accuracy,0.712,roc_auc,0.7601514495195008,0.17982362501788884,4.28966012498131,
1_base,classification,tabpfn_v3,100,5,False,100,500,0,ok,accuracy,0.708,roc_auc,0.7593492804543485,0.6627397499978542,2.2933916250476614,
1_base,classification,tabicl_v2,100,5,False,100,500,0,ok,accuracy,0.612,roc_auc,0.694854887616114,0.3914199999999255,5.351857500034384,
1_base,classification,tabpfn_v2_5,200,5,False,100,500,0,ok,accuracy,0.748,roc_auc,0.7745479292241882,0.3626387920230627,8.074403584003448,
1_base,classification,tabpfn_v3,200,5,False,100,500,0,ok,accuracy,0.742,roc_auc,0.7649556030850995,0.5777047079754993,4.298269625054672,
1_base,classification,tabicl_v2,200,5,False,100,500,0,ok,accuracy,0.556,roc_auc,0.577694601075896,1.2089285000110976,12.1122173750191,
1_base,classification,tabpfn_v2_5,500,5,False,100,500,0,ok,accuracy,0.648,roc_auc,0.6797295501362217,0.25048275000881404,26.649013167014346,
1_base,classification,tabpfn_v3,500,5,False,100,500,0,ok,accuracy,0.682,roc_auc,0.7106784503953751,0.5984670420293696,10.864828584017232,
1_base,classification,tabicl_v2,500,5,False,100,500,0,ok,accuracy,0.554,roc_auc,0.5870323609542163,1.462305875029415,41.465335416956805,
1_base,classification,tabpfn_v2_5,1000,5,False,100,500,0,ok,accuracy,0.606,roc_auc,0.6485724808249668,0.48881574999541044,29.5595869999961,
1_base,classification,tabpfn_v3,1000,5,False,100,500,0,ok,accuracy,0.628,roc_auc,0.6663464155898224,0.7041341249714606,6.475164707982913,
1_base,classification,tabicl_v2,1000,5,False,100,500,0,ok,accuracy,0.548,roc_auc,0.5400714159901363,2.5594901249860413,101.1675907499739,
1_base,classification,tabpfn_v2_5,2000,5,False,100,500,0,ok,accuracy,0.574,roc_auc,0.6075019021871104,1.6003870840067975,44.552540333010256,
1_base,classification,tabpfn_v3,2000,5,False,100,500,0,ok,accuracy,0.57,roc_auc,0.5900665360767998,2.0076428330503404,10.564231917029247,
1_base,classification,tabicl_v2,2000,5,False,100,500,0,ok,accuracy,0.492,roc_auc,0.4847744087031131,5.417829791957047,293.51654529199004,
1_base,regression,tabpfn_v2_5,50,5,False,100,500,0,ok,r2,0.046425542234088235,rmse,3.652934100909583,0.6938997919787653,9.513404124998488,
1_base,regression,tabpfn_v3,50,5,False,100,500,0,ok,r2,0.05002772212852913,rmse,3.6460279930764816,0.8038728749961592,2.187651249987539,
1_base,regression,tabicl_v2,50,5,False,100,500,0,ok,r2,-0.04868840076991443,rmse,3.830784883389995,0.27127195900538936,3.8623253330006264,
1_base,regression,tabpfn_v2_5,100,5,False,100,500,0,ok,r2,0.04982628403752032,rmse,3.7925834188198366,0.16822720802156255,8.489411709015258,
1_base,regression,tabpfn_v3,100,5,False,100,500,0,ok,r2,0.1129296394407664,rmse,3.6644826509566157,0.5491887499811128,5.428669291024562,
1_base,regression,tabicl_v2,100,5,False,100,500,0,ok,r2,-0.015017578896070027,rmse,3.9198587483033323,0.6104854580480605,6.567444499989506,
1_base,regression,tabpfn_v2_5,200,5,False,100,500,0,ok,r2,0.04499010568723538,rmse,4.03301376394395,0.23541487503098324,18.835128541046288,
1_base,regression,tabpfn_v3,200,5,False,100,500,0,ok,r2,0.054159897479781116,rmse,4.013605013063387,0.6000382089987397,13.11858916701749,
1_base,regression,tabicl_v2,200,5,False,100,500,0,ok,r2,-0.35700890511462813,rmse,4.8074759185068645,0.7056124160299078,14.638665957958438,
1_base,regression,tabpfn_v2_5,500,5,False,100,500,0,ok,r2,-0.016186693798543095,rmse,3.462128157389872,0.3483221670030616,28.306645125034265,
1_base,regression,tabpfn_v3,500,5,False,100,500,0,ok,r2,-0.022251408636491776,rmse,3.4724439711248625,0.6949723750003614,24.50655549997464,
1_base,regression,tabicl_v2,500,5,False,100,500,0,ok,r2,-0.007386698397267688,rmse,3.4471048559267397,1.7372924170340411,48.33197575004306,
1_base,regression,tabpfn_v2_5,1000,5,False,100,500,0,ok,r2,0.01917814131044493,rmse,4.0472653585304235,0.8597723750281148,30.0657837499748,
1_base,regression,tabpfn_v3,1000,5,False,100,500,0,ok,r2,0.00299283935328043,rmse,4.080522252305925,0.6543272089911625,22.5839429590269,
1_base,regression,tabicl_v2,1000,5,False,100,500,0,ok,r2,-0.10811208789467308,rmse,4.30188164760918,2.6407142079551704,117.84234091697726,
1_base,regression,tabpfn_v2_5,2000,5,False,100,500,0,ok,r2,-0.010515899710681342,rmse,3.618395293174704,4.280092082975898,40.08443237497704,
1_base,regression,tabpfn_v3,2000,5,False,100,500,0,ok,r2,0.008714662232248371,rmse,3.583800085267622,4.3820362080005,27.977100749965757,
1_base,regression,tabicl_v2,2000,5,False,100,500,0,ok,r2,-0.0677512827220661,rmse,3.7194565105422206,6.588282417040318,352.35385650000535,
1_base,classification,xgboost,50,5,False,100,500,0,ok,accuracy,0.654,roc_auc,0.7123450169811014,0.10076966602355242,0.0008453750051558018,
1_base,classification,xgboost,100,5,False,100,500,0,ok,accuracy,0.682,roc_auc,0.7416534308770916,0.07079358299961314,0.00042100000428035855,
1_base,classification,xgboost,200,5,False,100,500,0,ok,accuracy,0.632,roc_auc,0.6895618640222956,0.10097466601291671,0.00045487500028684735,
1_base,classification,xgboost,500,5,False,100,500,0,ok,accuracy,0.628,roc_auc,0.6688650408665027,0.13207512500230223,0.0005948340403847396,
1_base,classification,xgboost,1000,5,False,100,500,0,ok,accuracy,0.622,roc_auc,0.6616066996525276,0.2012434999924153,0.0006297500221990049,
1_base,classification,xgboost,2000,5,False,100,500,0,ok,accuracy,0.55,roc_auc,0.5668517589159962,0.348251374962274,0.0009112920379266143,
1_base,regression,xgboost,50,5,False,100,500,0,ok,r2,0.004021009542420018,rmse,3.7332719002544565,0.14270170801319182,0.0004994590417481959,
1_base,regression,xgboost,100,5,False,100,500,0,ok,r2,-0.06279841767549432,rmse,4.011059323452127,0.15592745802132413,0.0005745420348830521,
1_base,regression,xgboost,200,5,False,100,500,0,ok,r2,-0.13854582658924497,rmse,4.403530680082596,0.1799330419744365,0.0006051670061424375,
1_base,regression,xgboost,500,5,False,100,500,0,ok,r2,-0.11310453169682089,rmse,3.6234674436468275,0.2715669999597594,0.0006418749690055847,
1_base,regression,xgboost,1000,5,False,100,500,0,ok,r2,-0.11104406983985937,rmse,4.307569116949199,0.5410921670263633,0.000921958009712398,
1_base,regression,xgboost,2000,5,False,100,500,0,ok,r2,-0.10524943568539835,rmse,3.7842043893639774,1.0123418750008568,0.0013842500047758222,
2_ood,classification,tabpfn_v2_5,50,5,False,100,500,0,ok,accuracy,0.71,roc_auc,0.769398267765157,0.2428750420222059,2.5830040409928188,
2_ood,classification,tabpfn_v3,50,5,False,100,500,0,ok,accuracy,0.71,roc_auc,0.7445847348835697,0.5737432079622522,1.7136158330831677,
2_ood,classification,tabicl_v2,50,5,False,100,500,0,ok,accuracy,0.692,roc_auc,0.7188937096800405,0.4995160000398755,2.7848422089591622,
2_ood,classification,tabpfn_v2_5,50,5,True,100,500,0,ok,accuracy,0.726,roc_auc,0.6671291746160222,0.15281729109119624,2.301000958075747,
2_ood,classification,tabpfn_v3,50,5,True,100,500,0,ok,accuracy,0.724,roc_auc,0.6510955657050357,0.43933299998752773,1.4039241248974577,
2_ood,classification,tabicl_v2,50,5,True,100,500,0,ok,accuracy,0.714,roc_auc,0.557958027403596,0.2900597080588341,3.1056155409896746,
2_ood,classification,tabpfn_v2_5,100,5,False,100,500,0,ok,accuracy,0.712,roc_auc,0.7601514495195008,0.15449887502472848,4.161469041020609,
2_ood,classification,tabpfn_v3,100,5,False,100,500,0,ok,accuracy,0.708,roc_auc,0.7593492804543485,0.4184733750298619,2.321888874983415,
2_ood,classification,tabicl_v2,100,5,False,100,500,0,ok,accuracy,0.612,roc_auc,0.694854887616114,0.3870007919613272,6.2682955000782385,
2_ood,classification,tabpfn_v2_5,100,5,True,100,500,0,ok,accuracy,0.674,roc_auc,0.6154319312528268,0.27248337492346764,19.58914812502917,
2_ood,classification,tabpfn_v3,100,5,True,100,500,0,ok,accuracy,0.678,roc_auc,0.5700768882858436,2.459661583066918,16.28453275002539,
2_ood,classification,tabicl_v2,100,5,True,100,500,0,ok,accuracy,0.672,roc_auc,0.5665490728177296,0.8131444590399042,10.750678458018228,
2_ood,classification,tabpfn_v2_5,200,5,False,100,500,0,ok,accuracy,0.748,roc_auc,0.7745479292241882,0.21744354197289795,18.65050633298233,
2_ood,classification,tabpfn_v3,200,5,False,100,500,0,ok,accuracy,0.742,roc_auc,0.7649556030850995,0.9920563749037683,19.893596415990032,
2_ood,classification,tabicl_v2,200,5,False,100,500,0,ok,accuracy,0.556,roc_auc,0.577694601075896,0.9366879999870434,19.95419870794285,
2_ood,classification,tabpfn_v2_5,200,5,True,100,500,0,ok,accuracy,0.676,roc_auc,0.6390532544378698,0.2829662919975817,26.666883458965458,
2_ood,classification,tabpfn_v3,200,5,True,100,500,0,ok,accuracy,0.674,roc_auc,0.6209621194515454,0.5233825420727953,7.61666658311151,
2_ood,classification,tabicl_v2,200,5,True,100,500,0,ok,accuracy,0.672,roc_auc,0.6075904109833926,0.8439607499167323,25.96972395805642,
2_ood,classification,tabpfn_v2_5,500,5,False,100,500,0,ok,accuracy,0.648,roc_auc,0.6797295501362217,0.35741937498096377,80.79034741700161,
2_ood,classification,tabpfn_v3,500,5,False,100,500,0,ok,accuracy,0.682,roc_auc,0.7106784503953751,1.0602025410626084,16.650008208933286,
2_ood,classification,tabicl_v2,500,5,False,100,500,0,ok,accuracy,0.554,roc_auc,0.5870323609542163,1.7947118330048397,75.99097599997185,
2_ood,classification,tabpfn_v2_5,500,5,True,100,500,0,ok,accuracy,0.696,roc_auc,0.6985147756851937,0.7097500840900466,49.09402154199779,
2_ood,classification,tabpfn_v3,500,5,True,100,500,0,ok,accuracy,0.746,roc_auc,0.7438881233093451,0.659919457975775,7.71485600003507,
2_ood,classification,tabicl_v2,500,5,True,100,500,0,ok,accuracy,0.492,roc_auc,0.5961482842511782,1.806475416989997,55.34797879203688,
2_ood,classification,tabpfn_v2_5,1000,5,False,100,500,0,ok,accuracy,0.606,roc_auc,0.6485724808249668,0.5839010840281844,64.84431537496857,
2_ood,classification,tabpfn_v3,1000,5,False,100,500,0,ok,accuracy,0.628,roc_auc,0.6663464155898224,1.6041635409928858,19.479038499994203,
2_ood,classification,tabicl_v2,1000,5,False,100,500,0,ok,accuracy,0.548,roc_auc,0.5400714159901363,5.091440792079084,191.34875054098666,
2_ood,classification,tabpfn_v2_5,1000,5,True,100,500,0,ok,accuracy,0.674,roc_auc,0.7270588235294118,1.0210457080975175,68.41248708299827,
2_ood,classification,tabpfn_v3,1000,5,True,100,500,0,ok,accuracy,0.724,roc_auc,0.6949197860962566,1.8341787500539795,6.8800804580096155,
2_ood,classification,tabicl_v2,1000,5,True,100,500,0,ok,accuracy,0.622,roc_auc,0.5688413547237077,4.675627417047508,159.58937183301896,
2_ood,classification,tabpfn_v2_5,2000,5,False,100,500,0,ok,accuracy,0.574,roc_auc,0.6093312395784429,3.0676070830086246,81.36005016695708,
2_ood,classification,tabpfn_v3,2000,5,False,100,500,0,ok,accuracy,0.57,roc_auc,0.5900665360767998,1.8815245410660282,19.038237707922235,
2_ood,classification,tabicl_v2,2000,5,False,100,500,0,ok,accuracy,0.492,roc_auc,0.4847744087031131,9.167269166908227,480.26253262499813,
2_ood,classification,tabpfn_v2_5,2000,5,True,100,500,0,ok,accuracy,0.676,roc_auc,0.7082141112429339,2.6429874579189345,76.01408845896367,
2_ood,classification,tabpfn_v3,2000,5,True,100,500,0,ok,accuracy,0.656,roc_auc,0.6680857003280062,4.141724208020605,20.514434749959037,
2_ood,classification,tabicl_v2,2000,5,True,100,500,0,ok,accuracy,0.644,roc_auc,0.5077378044525088,11.142190166050568,607.3550498329569,
2_ood,regression,tabpfn_v2_5,50,5,False,100,500,0,ok,r2,0.046581497676379424,rmse,3.6526353731889594,0.9097127499990165,15.204077917034738,
2_ood,regression,tabpfn_v3,50,5,False,100,500,0,ok,r2,0.05002772212852913,rmse,3.6460279930764816,1.140823833993636,5.731616041972302,
2_ood,regression,tabicl_v2,50,5,False,100,500,0,ok,r2,-0.04868840045563916,rmse,3.830784882815982,0.3225917919771746,5.177468875073828,
2_ood,regression,tabpfn_v2_5,50,5,True,100,500,0,ok,r2,0.04079629516491945,rmse,5.539092633350486,0.4174511660821736,8.618646541028284,
2_ood,regression,tabpfn_v3,50,5,True,100,500,0,ok,r2,-0.3954734823296344,rmse,6.681038870211408,0.5865879580378532,5.973572499933653,
2_ood,regression,tabicl_v2,50,5,True,100,500,0,ok,r2,-0.026243081152956593,rmse,5.729389205366956,0.2686315840110183,6.34788895805832,
2_ood,regression,tabpfn_v2_5,100,5,False,100,500,0,ok,r2,0.04982628403752032,rmse,3.7925834188198366,0.2879754160530865,17.541942541021854,
2_ood,regression,tabpfn_v3,100,5,False,100,500,0,ok,r2,0.1129296394407664,rmse,3.6644826509566157,1.0556554580107331,9.907482041977346,
2_ood,regression,tabicl_v2,100,5,False,100,500,0,ok,r2,-0.015017579313540308,rmse,3.9198587491094385,0.4058970409678295,10.010637875064276,
2_ood,regression,tabpfn_v2_5,100,5,True,100,500,0,ok,r2,0.045928426969231606,rmse,6.446998625955071,0.3270552499452606,16.254698249977082,
2_ood,regression,tabpfn_v3,100,5,True,100,500,0,ok,r2,-0.6984152463987119,rmse,8.601794036896896,0.6440101250773296,10.208415249944665,
2_ood,regression,tabicl_v2,100,5,True,100,500,0,ok,r2,-0.15873519821431614,rmse,7.10492011679585,0.363633833010681,9.566155707929283,
2_ood,regression,tabpfn_v2_5,200,5,False,100,500,0,ok,r2,0.04499010568723538,rmse,4.03301376394395,0.3618100829189643,28.95975258294493,
2_ood,regression,tabpfn_v3,200,5,False,100,500,0,ok,r2,0.054159897479781116,rmse,4.013605013063387,1.167885790928267,23.01882708305493,
2_ood,regression,tabicl_v2,200,5,False,100,500,0,ok,r2,-0.3570089076886602,rmse,4.807475923066377,1.0222212499938905,16.68097874999512,
2_ood,regression,tabpfn_v2_5,200,5,True,100,500,0,ok,r2,-0.03982413271571916,rmse,6.72019738741804,0.3242904170183465,35.864114583004266,
2_ood,regression,tabpfn_v3,200,5,True,100,500,0,ok,r2,-1.4909858004552965,rmse,10.401302069966517,0.9424021659651771,29.95436554099433,
2_ood,regression,tabicl_v2,200,5,True,100,500,0,ok,r2,-0.11522089088867848,rmse,6.959571986335862,0.970737083000131,24.024932499974966,
2_ood,regression,tabpfn_v2_5,500,5,False,100,500,0,ok,r2,-0.016356471139092,rmse,3.462417359347467,0.6060094999847934,36.61061304202303,
2_ood,regression,tabpfn_v3,500,5,False,100,500,0,ok,r2,-0.022251408636491776,rmse,3.4724439711248625,1.4209734159521759,46.98402425006498,
2_ood,regression,tabicl_v2,500,5,False,100,500,0,ok,r2,-0.007386700058994666,rmse,3.4471048587698125,2.901960499933921,48.87861274997704,
2_ood,regression,tabpfn_v2_5,500,5,True,100,500,0,ok,r2,-0.09660626312636511,rmse,5.522740458575834,0.5075360829941928,32.23231487500016,
2_ood,regression,tabpfn_v3,500,5,True,100,500,0,ok,r2,-0.10059341352383311,rmse,5.532771414185963,2.673698625061661,50.17925004090648,
2_ood,regression,tabicl_v2,500,5,True,100,500,0,ok,r2,-0.06975122110550758,rmse,5.454697468131731,2.7995541249401867,48.14649508392904,
2_ood,regression,tabpfn_v2_5,1000,5,False,100,500,0,ok,r2,0.019170461564823493,rmse,4.047281203358564,1.3250260839704424,39.61288200004492,
2_ood,regression,tabpfn_v3,1000,5,False,100,500,0,ok,r2,0.00299283935328043,rmse,4.080522252305925,2.8626606250181794,53.38130624999758,
2_ood,regression,tabicl_v2,1000,5,False,100,500,0,ok,r2,-0.1081120888746776,rmse,4.301881649511453,3.280517042032443,116.10209320799913,
2_ood,regression,tabpfn_v2_5,1000,5,True,100,500,0,ok,r2,-0.09781751473042943,rmse,6.032158478064389,1.036552167031914,41.06346995802596,
2_ood,regression,tabpfn_v3,1000,5,True,100,500,0,ok,r2,-0.2493801932947759,rmse,6.435095161428564,1.4917242920491844,55.31227762508206,
2_ood,regression,tabicl_v2,1000,5,True,100,500,0,ok,r2,-0.3637287214004703,rmse,6.72313232057976,4.695164041011594,118.31887950003147,
2_ood,regression,tabpfn_v2_5,2000,5,False,100,500,0,ok,r2,-0.010469348168447024,rmse,3.6183119477165517,2.7976717919809744,38.78808441699948,
2_ood,regression,tabpfn_v3,2000,5,False,100,500,0,ok,r2,0.008714662232248371,rmse,3.583800085267622,1.4470979160396382,59.22179895802401,
2_ood,regression,tabicl_v2,2000,5,False,100,500,0,ok,r2,-0.0677512821771451,rmse,3.7194565095931185,7.10855570808053,312.9332290829625,
2_ood,regression,tabpfn_v2_5,2000,5,True,100,500,0,ok,r2,-0.07514392646847079,rmse,5.650114867972253,2.4270594579866156,41.02751749998424,
2_ood,regression,tabpfn_v3,2000,5,True,100,500,0,ok,r2,-0.08652361914387541,rmse,5.679937540741149,1.8418647079961374,49.11721399996895,
2_ood,regression,tabicl_v2,2000,5,True,100,500,0,ok,r2,-0.1255345180267231,rmse,5.781005512709692,8.535575291956775,362.74901799997315,
2_ood,classification,xgboost,50,5,False,100,500,0,ok,accuracy,0.654,roc_auc,0.7123450169811014,0.16133200004696846,0.001770458067767322,
2_ood,classification,xgboost,50,5,True,100,500,0,ok,accuracy,0.686,roc_auc,0.5284924167967471,0.1588172500487417,0.001000083051621914,
2_ood,classification,xgboost,100,5,False,100,500,0,ok,accuracy,0.682,roc_auc,0.7416534308770916,0.1968219589907676,0.0008906670846045017,
2_ood,classification,xgboost,100,5,True,100,500,0,ok,accuracy,0.69,roc_auc,0.5431931252826775,0.16333025007043034,0.0012981670442968607,
2_ood,classification,xgboost,200,5,False,100,500,0,ok,accuracy,0.632,roc_auc,0.6895618640222956,0.20802191691473126,0.0013332910602912307,
2_ood,classification,xgboost,200,5,True,100,500,0,ok,accuracy,0.634,roc_auc,0.5627022292139652,0.1763367080129683,0.0006727919680997729,
2_ood,classification,xgboost,500,5,False,100,500,0,ok,accuracy,0.628,roc_auc,0.6688650408665027,0.12023579201195389,0.0005420829402282834,
2_ood,classification,xgboost,500,5,True,100,500,0,ok,accuracy,0.578,roc_auc,0.6528522091223057,0.11759433394763619,0.0005432500038295984,
2_ood,classification,xgboost,1000,5,False,100,500,0,ok,accuracy,0.622,roc_auc,0.6616066996525276,0.18615320895332843,0.0006253330502659082,
2_ood,classification,xgboost,1000,5,True,100,500,0,ok,accuracy,0.66,roc_auc,0.600035650623886,0.18338929198216647,0.0006443749880418181,
2_ood,classification,xgboost,2000,5,False,100,500,0,ok,accuracy,0.55,roc_auc,0.5668517589159962,0.30741733394097537,0.0008627920178696513,
2_ood,classification,xgboost,2000,5,True,100,500,0,ok,accuracy,0.574,roc_auc,0.5462174610928885,0.3632822500076145,0.001280584023334086,
2_ood,regression,xgboost,50,5,False,100,500,0,ok,r2,0.004021009542420018,rmse,3.7332719002544565,0.13863045908510685,0.0009335409849882126,
2_ood,regression,xgboost,50,5,True,100,500,0,ok,r2,0.0362608566982634,rmse,5.552172538640776,0.24444737506564707,0.0008084169821813703,
2_ood,regression,xgboost,100,5,False,100,500,0,ok,r2,-0.06279841767549432,rmse,4.011059323452127,0.28166379197500646,0.0007776669226586819,
2_ood,regression,xgboost,100,5,True,100,500,0,ok,r2,-0.3240403208992122,rmse,7.594823841379922,0.27488487504888326,0.0011041670804843307,
2_ood,regression,xgboost,200,5,False,100,500,0,ok,r2,-0.13854582658924497,rmse,4.403530680082596,0.3684739170130342,0.0013289160560816526,
2_ood,regression,xgboost,200,5,True,100,500,0,ok,r2,-0.026786574322185785,rmse,6.677934790959169,0.20456937490962446,0.0005009159212931991,
2_ood,regression,xgboost,500,5,False,100,500,0,ok,r2,-0.11310453169682089,rmse,3.6234674436468275,0.22548233403358608,0.0005961250280961394,
2_ood,regression,xgboost,500,5,True,100,500,0,ok,r2,-0.10354617879210237,rmse,5.540188336814888,0.22629308293107897,0.0005997080588713288,
2_ood,regression,xgboost,1000,5,False,100,500,0,ok,r2,-0.11104406983985937,rmse,4.307569116949199,0.6977391249965876,0.0015432920772582293,
2_ood,regression,xgboost,1000,5,True,100,500,0,ok,r2,-0.0631761791203973,rmse,5.936224048594144,1.3796152919530869,0.0046974589349702,
2_ood,regression,xgboost,2000,5,False,100,500,0,ok,r2,-0.10524943568539835,rmse,3.7842043893639774,0.8955818340182304,0.0012457920238375664,
2_ood,regression,xgboost,2000,5,True,100,500,0,ok,r2,-0.19243608661985068,rmse,5.950336543096426,1.691717499983497,0.0033601250033825636,
3_depth,classification,tabpfn_v2_5,500,5,False,100,500,0,ok,accuracy,0.65,roc_auc,0.680493720512991,0.3171063339104876,20.64563162496779,
3_depth,classification,tabpfn_v3,500,5,False,100,500,0,ok,accuracy,0.682,roc_auc,0.7106784503953751,0.610678541008383,4.267130957916379,
3_depth,classification,tabicl_v2,500,5,False,100,500,0,ok,accuracy,0.554,roc_auc,0.5870323609542163,1.3277992500225082,29.45333591592498,
3_depth,classification,tabpfn_v2_5,500,10,False,100,500,0,ok,accuracy,0.63,roc_auc,0.6685284395303772,0.3041501250118017,19.957424417021684,
3_depth,classification,tabpfn_v3,500,10,False,100,500,0,ok,accuracy,0.604,roc_auc,0.6384523945221541,0.5596181669970974,4.748616249999031,
3_depth,classification,tabicl_v2,500,10,False,100,500,0,ok,accuracy,0.584,roc_auc,0.5975151031574147,1.2330873330356553,35.653349124942906,
3_depth,classification,tabpfn_v2_5,500,20,False,100,500,0,ok,accuracy,0.526,roc_auc,0.5451342174386572,0.24877524992916733,24.689985333010554,
3_depth,classification,tabpfn_v3,500,20,False,100,500,0,ok,accuracy,0.554,roc_auc,0.5559933371772695,0.4439368339953944,5.742737457971089,
3_depth,classification,tabicl_v2,500,20,False,100,500,0,ok,accuracy,0.538,roc_auc,0.5127971042347363,1.2532467499841005,37.349153374903835,
3_depth,regression,tabpfn_v2_5,500,5,False,100,500,0,ok,r2,-0.016451705557784857,rmse,3.4625795728964914,0.4191078330622986,20.462704790988937,
3_depth,regression,tabpfn_v3,500,5,False,100,500,0,ok,r2,-0.022251408636491776,rmse,3.4724439711248625,0.4615374590503052,15.654226459097117,
3_depth,regression,tabicl_v2,500,5,False,100,500,0,ok,r2,-0.007386700058994666,rmse,3.4471048587698125,1.3023315420141444,34.19247291702777,
3_depth,regression,tabpfn_v2_5,500,10,False,100,500,0,ok,r2,0.08792167036067655,rmse,2.079491872036312,0.5704657500609756,19.992880166042596,
3_depth,regression,tabpfn_v3,500,10,False,100,500,0,ok,r2,0.06355424733168691,rmse,2.107087014537191,0.4913002500543371,16.939205291913822,
3_depth,regression,tabicl_v2,500,10,False,100,500,0,ok,r2,0.010026820947720783,rmse,2.1664709642291995,1.2854299580212682,33.670924542006105,
3_depth,regression,tabpfn_v2_5,500,20,False,100,500,0,ok,r2,-0.037800235549984906,rmse,24.59976208870581,0.45520437497179955,19.48207295802422,
3_depth,regression,tabpfn_v3,500,20,False,100,500,0,ok,r2,-0.06405041312058346,rmse,24.90893313353477,0.49635991698596627,16.296773958019912,
3_depth,regression,tabicl_v2,500,20,False,100,500,0,ok,r2,-0.10143702039515579,rmse,25.342756991202545,1.1709894159575924,33.03973395796493,
3_depth,classification,xgboost,500,5,False,100,500,0,ok,accuracy,0.628,roc_auc,0.6688650408665027,0.11377166607417166,0.0009232090087607503,
3_depth,classification,xgboost,500,10,False,100,500,0,ok,accuracy,0.604,roc_auc,0.6419859634267476,0.1537471249466762,0.0006672079907730222,
3_depth,classification,xgboost,500,20,False,100,500,0,ok,accuracy,0.504,roc_auc,0.5316804407713499,0.12034283298999071,0.000590750016272068,
3_depth,regression,xgboost,500,5,False,100,500,0,ok,r2,-0.11310453169682089,rmse,3.6234674436468275,0.2435265830717981,0.0006047920323908329,
3_depth,regression,xgboost,500,10,False,100,500,0,ok,r2,-0.026371091448115225,rmse,2.205938315868806,0.2745865830220282,0.0006474170368164778,
3_depth,regression,xgboost,500,20,False,100,500,0,ok,r2,-0.18159911256132233,rmse,26.248778768036104,0.268439874984324,0.0005978340050205588,
